Series Name,Series Code,Country Name,Country Code,1960 [YR1960],1961 [YR1961],1962 [YR1962],1963 [YR1963],1964 [YR1964],1965 [YR1965],1966 [YR1966],1967 [YR1967],1968 [YR1968],1969 [YR1969],1970 [YR1970],1971 [YR1971],1972 [YR1972],1973 [YR1973],1974 [YR1974],1975 [YR1975],1976 [YR1976],1977 [YR1977],1978 [YR1978],1979 [YR1979],1980 [YR1980],1981 [YR1981],1982 [YR1982],1983 [YR1983],1984 [YR1984],1985 [YR1985],1986 [YR1986],1987 [YR1987],1988 [YR1988],1989 [YR1989],1990 [YR1990],1991 [YR1991],1992 [YR1992],1993 [YR1993],1994 [YR1994],1995 [YR1995],1996 [YR1996],1997 [YR1997],1998 [YR1998],1999 [YR1999],2000 [YR2000],2001 [YR2001],2002 [YR2002],2003 [YR2003],2004 [YR2004],2005 [YR2005],2006 [YR2006],2007 [YR2007],2008 [YR2008],2009 [YR2009],2010 [YR2010],2011 [YR2011],2012 [YR2012],2013 [YR2013],2014 [YR2014],2015 [YR2015],2016 [YR2016],2017 [YR2017],2018 [YR2018],2019 [YR2019],2020 [YR2020],2021 [YR2021]
Total alcohol consumption per capita (liters of pure alcohol, projected estimates, 15+ years of age),SH.ALC.PCAP.LI,Afghanistan,AFG,..,..,..,..,..,..,..,..,..,..,..,..,..,..,..,..,..,..,..,..,..,..,..,..,..,..,..,..,..,..,..,..,..,..,..,..,..,..,..,..,0.00277,..,..,..,..,0.02684,..,..,..,..,0.01241,..,..,..,..,0.00874,..,..,..,0.01618,..,..
Total alcohol consumption per capita (liters of pure alcohol, projected estimates, 15+ years of age),SH.ALC.PCAP.LI,Albania,ALB,..,..,..,..,..,..,..,..,..,..,..,..,..,..,..,..,..,..,..,..,..,..,..,..,..,..,..,..,..,..,..,..,..,..,..,..,..,..,..,..,4.431,..,..,..,..,5.2974,..,..,..,..,5.90031,..,..,..,..,5.03752,..,..,..,5.10935,..,..
Total alcohol consumption per capita (liters of pure alcohol, projected estimates, 15+ years of age),SH.ALC.PCAP.LI,Algeria,DZA,..,..,..,..,..,..,..,..,..,..,..,..,..,..,..,..,..,..,..,..,..,..,..,..,..,..,..,..,..,..,..,..,..,..,..,..,..,..,..,..,0.30323,..,..,..,..,0.4741,..,..,..,..,0.43874,..,..,..,..,0.5844,..,..,..,0.61271,..,..
Total alcohol consumption per capita (liters of pure alcohol, projected estimates, 15+ years of age),SH.ALC.PCAP.LI,American Samoa,ASM,..,..,..,..,..,..,..,..,..,..,..,..,..,..,..,..,..,..,..,..,..,..,..,..,..,..,..,..,..,..,..,..,..,..,..,..,..,..,..,..,..,..,..,..,..,..,..,..,..,..,..,..,..,..,..,..,..,..,..,..,..,..
Total alcohol consumption per capita (liters of pure alcohol, projected estimates, 15+ years of age),SH.ALC.PCAP.LI,Andorra,AND,..,..,..,..,..,..,..,..,..,..,..,..,..,..,..,..,..,..,..,..,..,..,..,..,..,..,..,..,..,..,..,..,..,..,..,..,..,..,..,..,12.54881,..,..,..,..,12.25667,..,..,..,..,10.77698,..,..,..,..,10.76055,..,..,..,11.05154,..,..
Total alcohol consumption per capita (liters of pure alcohol, projected estimates, 15+ years of age),SH.ALC.PCAP.LI,Angola,AGO,..,..,..,..,..,..,..,..,..,..,..,..,..,..,..,..,..,..,..,..,..,..,..,..,..,..,..,..,..,..,..,..,..,..,..,..,..,..,..,..,5.18632,..,..,..,..,6.68614,..,..,..,..,8.3199,..,..,..,..,7.75884,..,..,..,6.17199,..,..
Total alcohol consumption per capita (liters of pure alcohol, projected estimates, 15+ years of age),SH.ALC.PCAP.LI,Antigua and Barbuda,ATG,..,..,..,..,..,..,..,..,..,..,..,..,..,..,..,..,..,..,..,..,..,..,..,..,..,..,..,..,..,..,..,..,..,..,..,..,..,..,..,..,5.29374,..,..,..,..,5.95229,..,..,..,..,5.73723,..,..,..,..,7.38706,..,..,..,8.51359,..,..
Total alcohol consumption per capita (liters of pure alcohol, projected estimates, 15+ years of age),SH.ALC.PCAP.LI,Argentina,ARG,..,..,..,..,..,..,..,..,..,..,..,..,..,..,..,..,..,..,..,..,..,..,..,..,..,..,..,..,..,..,..,..,..,..,..,..,..,..,..,..,6.72978,..,..,..,..,6.16791,..,..,..,..,7.69025,..,..,..,..,8.5713,..,..,..,8.03999,..,..
Total alcohol consumption per capita (liters of pure alcohol, projected estimates, 15+ years of age),SH.ALC.PCAP.LI,Armenia,ARM,..,..,..,..,..,..,..,..,..,..,..,..,..,..,..,..,..,..,..,..,..,..,..,..,..,..,..,..,..,..,..,..,..,..,..,..,..,..,..,..,3.71295,..,..,..,..,4.84032,..,..,..,..,5.05579,..,..,..,..,4.97721,..,..,..,4.98389,..,..
Total alcohol consumption per capita (liters of pure alcohol, projected estimates, 15+ years of age),SH.ALC.PCAP.LI,Aruba,ABW,..,..,..,..,..,..,..,..,..,..,..,..,..,..,..,..,..,..,..,..,..,..,..,..,..,..,..,..,..,..,..,..,..,..,..,..,..,..,..,..,..,..,..,..,..,..,..,..,..,..,..,..,..,..,..,..,..,..,..,..,..,..
Total alcohol consumption per capita (liters of pure alcohol, projected estimates, 15+ years of age),SH.ALC.PCAP.LI,Australia,AUS,..,..,..,..,..,..,..,..,..,..,..,..,..,..,..,..,..,..,..,..,..,..,..,..,..,..,..,..,..,..,..,..,..,..,..,..,..,..,..,..,10.55397,..,..,..,..,10.8197,..,..,..,..,11.1012,..,..,..,..,10.3903,..,..,..,10.0908,..,..
Total alcohol consumption per capita (liters of pure alcohol, projected estimates, 15+ years of age),SH.ALC.PCAP.LI,Austria,AUT,..,..,..,..,..,..,..,..,..,..,..,..,..,..,..,..,..,..,..,..,..,..,..,..,..,..,..,..,..,..,..,..,..,..,..,..,..,..,..,..,12.8907,..,..,..,..,12.6126,..,..,..,..,12.23209,..,..,..,..,12.19174,..,..,..,11.97275,..,..
Total alcohol consumption per capita (liters of pure alcohol, projected estimates, 15+ years of age),SH.ALC.PCAP.LI,Azerbaijan,AZE,..,..,..,..,..,..,..,..,..,..,..,..,..,..,..,..,..,..,..,..,..,..,..,..,..,..,..,..,..,..,..,..,..,..,..,..,..,..,..,..,1.56995,..,..,..,..,1.8068,..,..,..,..,1.81272,..,..,..,..,1.43723,..,..,..,1.96779,..,..
"Total alcohol consumption per capita (liters of pure alcohol, projected estimates, 15+ years of age),SH.ALC.PCAP.LI,""Bahamas, The"",BHS,..,..,..,..,..,..,..,..,..,..,..,..,..,..,..,..,..,..,..,..,..,..,..,..,..,..,..,..,..,..,..,..,..,..,..,..,..,..,..,..,4.82975,..,..,..,..,4.68659,..,..,..,..,4.32577,..,..,..,..,4.36107,..,..,..,4.39408,..,.."
Total alcohol consumption per capita (liters of pure alcohol, projected estimates, 15+ years of age),SH.ALC.PCAP.LI,Bahrain,BHR,..,..,..,..,..,..,..,..,..,..,..,..,..,..,..,..,..,..,..,..,..,..,..,..,..,..,..,..,..,..,..,..,..,..,..,..,..,..,..,..,2.68516,..,..,..,..,2.28207,..,..,..,..,2.34833,..,..,..,..,1.89326,..,..,..,1.58154,..,..
Total alcohol consumption per capita (liters of pure alcohol, projected estimates, 15+ years of age),SH.ALC.PCAP.LI,Bangladesh,BGD,..,..,..,..,..,..,..,..,..,..,..,..,..,..,..,..,..,..,..,..,..,..,..,..,..,..,..,..,..,..,..,..,..,..,..,..,..,..,..,..,0.00375,..,..,..,..,0.00244,..,..,..,..,0.0038,..,..,..,..,0.00483,..,..,..,0.00516,..,..
Total alcohol consumption per capita (liters of pure alcohol, projected estimates, 15+ years of age),SH.ALC.PCAP.LI,Barbados,BRB,..,..,..,..,..,..,..,..,..,..,..,..,..,..,..,..,..,..,..,..,..,..,..,..,..,..,..,..,..,..,..,..,..,..,..,..,..,..,..,..,7.02093,..,..,..,..,7.80357,..,..,..,..,8.2722,..,..,..,..,9.1816,..,..,..,9.46831,..,..
Total alcohol consumption per capita (liters of pure alcohol, projected estimates, 15+ years of age),SH.ALC.PCAP.LI,Belarus,BLR,..,..,..,..,..,..,..,..,..,..,..,..,..,..,..,..,..,..,..,..,..,..,..,..,..,..,..,..,..,..,..,..,..,..,..,..,..,..,..,..,12.63263,..,..,..,..,12.7944,..,..,..,..,14.98951,..,..,..,..,11.04492,..,..,..,10.90107,..,..
Total alcohol consumption per capita (liters of pure alcohol, projected estimates, 15+ years of age),SH.ALC.PCAP.LI,Belgium,BEL,..,..,..,..,..,..,..,..,..,..,..,..,..,..,..,..,..,..,..,..,..,..,..,..,..,..,..,..,..,..,..,..,..,..,..,..,..,..,..,..,11.41915,..,..,..,..,11.24895,..,..,..,..,11.3319,..,..,..,..,11.2362,..,..,..,10.28089,..,..
Total alcohol consumption per capita (liters of pure alcohol, projected estimates, 15+ years of age),SH.ALC.PCAP.LI,Belize,BLZ,..,..,..,..,..,..,..,..,..,..,..,..,..,..,..,..,..,..,..,..,..,..,..,..,..,..,..,..,..,..,..,..,..,..,..,..,..,..,..,..,4.67903,..,..,..,..,5.93156,..,..,..,..,6.13009,..,..,..,..,6.34192,..,..,..,5.71321,..,..
Total alcohol consumption per capita (liters of pure alcohol, projected estimates, 15+ years of age),SH.ALC.PCAP.LI,Benin,BEN,..,..,..,..,..,..,..,..,..,..,..,..,..,..,..,..,..,..,..,..,..,..,..,..,..,..,..,..,..,..,..,..,..,..,..,..,..,..,..,..,2.51799,..,..,..,..,2.38999,..,..,..,..,6.61282,..,..,..,..,8.09811,..,..,..,8.34555,..,..
Total alcohol consumption per capita (liters of pure alcohol, projected estimates, 15+ years of age),SH.ALC.PCAP.LI,Bermuda,BMU,..,..,..,..,..,..,..,..,..,..,..,..,..,..,..,..,..,..,..,..,..,..,..,..,..,..,..,..,..,..,..,..,..,..,..,..,..,..,..,..,..,..,..,..,..,..,..,..,..,..,..,..,..,..,..,..,..,..,..,..,..,..
Total alcohol consumption per capita (liters of pure alcohol, projected estimates, 15+ years of age),SH.ALC.PCAP.LI,Bhutan,BTN,..,..,..,..,..,..,..,..,..,..,..,..,..,..,..,..,..,..,..,..,..,..,..,..,..,..,..,..,..,..,..,..,..,..,..,..,..,..,..,..,3.15778,..,..,..,..,2.04339,..,..,..,..,0.67886,..,..,..,..,0.32406,..,..,..,0.19989,..,..
Total alcohol consumption per capita (liters of pure alcohol, projected estimates, 15+ years of age),SH.ALC.PCAP.LI,Bolivia,BOL,..,..,..,..,..,..,..,..,..,..,..,..,..,..,..,..,..,..,..,..,..,..,..,..,..,..,..,..,..,..,..,..,..,..,..,..,..,..,..,..,3.13691,..,..,..,..,3.81242,..,..,..,..,4.66137,..,..,..,..,4.30981,..,..,..,4.09584,..,..
Total alcohol consumption per capita (liters of pure alcohol, projected estimates, 15+ years of age),SH.ALC.PCAP.LI,Bosnia and Herzegovina,BIH,..,..,..,..,..,..,..,..,..,..,..,..,..,..,..,..,..,..,..,..,..,..,..,..,..,..,..,..,..,..,..,..,..,..,..,..,..,..,..,..,4.91776,..,..,..,..,5.58877,..,..,..,..,5.73725,..,..,..,..,5.95437,..,..,..,6.3848,..,..
Total alcohol consumption per capita (liters of pure alcohol, projected estimates, 15+ years of age),SH.ALC.PCAP.LI,Botswana,BWA,..,..,..,..,..,..,..,..,..,..,..,..,..,..,..,..,..,..,..,..,..,..,..,..,..,..,..,..,..,..,..,..,..,..,..,..,..,..,..,..,6.93629,..,..,..,..,7.44481,..,..,..,..,7.4687,..,..,..,..,7.07851,..,..,..,8.16316,..,..
Total alcohol consumption per capita (liters of pure alcohol, projected estimates, 15+ years of age),SH.ALC.PCAP.LI,Brazil,BRA,..,..,..,..,..,..,..,..,..,..,..,..,..,..,..,..,..,..,..,..,..,..,..,..,..,..,..,..,..,..,..,..,..,..,..,..,..,..,..,..,8.71482,..,..,..,..,8.27579,..,..,..,..,8.63131,..,..,..,..,8.19602,..,..,..,7.67496,..,..
Total alcohol consumption per capita (liters of pure alcohol, projected estimates, 15+ years of age),SH.ALC.PCAP.LI,British Virgin Islands,VGB,..,..,..,..,..,..,..,..,..,..,..,..,..,..,..,..,..,..,..,..,..,..,..,..,..,..,..,..,..,..,..,..,..,..,..,..,..,..,..,..,..,..,..,..,..,..,..,..,..,..,..,..,..,..,..,..,..,..,..,..,..,..
Total alcohol consumption per capita (liters of pure alcohol, projected estimates, 15+ years of age),SH.ALC.PCAP.LI,Brunei Darussalam,BRN,..,..,..,..,..,..,..,..,..,..,..,..,..,..,..,..,..,..,..,..,..,..,..,..,..,..,..,..,..,..,..,..,..,..,..,..,..,..,..,..,0.21266,..,..,..,..,0.17581,..,..,..,..,0.28235,..,..,..,..,0.40985,..,..,..,0.4118,..,..
Total alcohol consumption per capita (liters of pure alcohol, projected estimates, 15+ years of age),SH.ALC.PCAP.LI,Bulgaria,BGR,..,..,..,..,..,..,..,..,..,..,..,..,..,..,..,..,..,..,..,..,..,..,..,..,..,..,..,..,..,..,..,..,..,..,..,..,..,..,..,..,11.3699,..,..,..,..,10.67911,..,..,..,..,10.65968,..,..,..,..,11.44063,..,..,..,11.91963,..,..
Total alcohol consumption per capita (liters of pure alcohol, projected estimates, 15+ years of age),SH.ALC.PCAP.LI,Burkina Faso,BFA,..,..,..,..,..,..,..,..,..,..,..,..,..,..,..,..,..,..,..,..,..,..,..,..,..,..,..,..,..,..,..,..,..,..,..,..,..,..,..,..,7.86246,..,..,..,..,8.41397,..,..,..,..,8.10846,..,..,..,..,9.66342,..,..,..,9.81281,..,..
Total alcohol consumption per capita (liters of pure alcohol, projected estimates, 15+ years of age),SH.ALC.PCAP.LI,Burundi,BDI,..,..,..,..,..,..,..,..,..,..,..,..,..,..,..,..,..,..,..,..,..,..,..,..,..,..,..,..,..,..,..,..,..,..,..,..,..,..,..,..,7.48272,..,..,..,..,6.38538,..,..,..,..,6.17353,..,..,..,..,4.1854,..,..,..,4.12798,..,..
Total alcohol consumption per capita (liters of pure alcohol, projected estimates, 15+ years of age),SH.ALC.PCAP.LI,Cabo Verde,CPV,..,..,..,..,..,..,..,..,..,..,..,..,..,..,..,..,..,..,..,..,..,..,..,..,..,..,..,..,..,..,..,..,..,..,..,..,..,..,..,..,4.57175,..,..,..,..,5.10052,..,..,..,..,5.63441,..,..,..,..,5.82264,..,..,..,6.27088,..,..
Total alcohol consumption per capita (liters of pure alcohol, projected estimates, 15+ years of age),SH.ALC.PCAP.LI,Cambodia,KHM,..,..,..,..,..,..,..,..,..,..,..,..,..,..,..,..,..,..,..,..,..,..,..,..,..,..,..,..,..,..,..,..,..,..,..,..,..,..,..,..,1.80814,..,..,..,..,2.80631,..,..,..,..,4.70848,..,..,..,..,7.06241,..,..,..,8.48211,..,..
Total alcohol consumption per capita (liters of pure alcohol, projected estimates, 15+ years of age),SH.ALC.PCAP.LI,Cameroon,CMR,..,..,..,..,..,..,..,..,..,..,..,..,..,..,..,..,..,..,..,..,..,..,..,..,..,..,..,..,..,..,..,..,..,..,..,..,..,..,..,..,10.74426,..,..,..,..,11.46478,..,..,..,..,12.54593,..,..,..,..,10.72374,..,..,..,10.1012,..,..
Total alcohol consumption per capita (liters of pure alcohol, projected estimates, 15+ years of age),SH.ALC.PCAP.LI,Canada,CAN,..,..,..,..,..,..,..,..,..,..,..,..,..,..,..,..,..,..,..,..,..,..,..,..,..,..,..,..,..,..,..,..,..,..,..,..,..,..,..,..,9.37614,..,..,..,..,9.75363,..,..,..,..,10.21275,..,..,..,..,9.91687,..,..,..,9.89647,..,..
Total alcohol consumption per capita (liters of pure alcohol, projected estimates, 15+ years of age),SH.ALC.PCAP.LI,Cayman Islands,CYM,..,..,..,..,..,..,..,..,..,..,..,..,..,..,..,..,..,..,..,..,..,..,..,..,..,..,..,..,..,..,..,..,..,..,..,..,..,..,..,..,..,..,..,..,..,..,..,..,..,..,..,..,..,..,..,..,..,..,..,..,..,..
Total alcohol consumption per capita (liters of pure alcohol, projected estimates, 15+ years of age),SH.ALC.PCAP.LI,Central African Republic,CAF,..,..,..,..,..,..,..,..,..,..,..,..,..,..,..,..,..,..,..,..,..,..,..,..,..,..,..,..,..,..,..,..,..,..,..,..,..,..,..,..,2.35645,..,..,..,..,2.29231,..,..,..,..,2.45055,..,..,..,..,1.93608,..,..,..,1.98657,..,..
Total alcohol consumption per capita (liters of pure alcohol, projected estimates, 15+ years of age),SH.ALC.PCAP.LI,Chad,TCD,..,..,..,..,..,..,..,..,..,..,..,..,..,..,..,..,..,..,..,..,..,..,..,..,..,..,..,..,..,..,..,..,..,..,..,..,..,..,..,..,2.51123,..,..,..,..,3.08073,..,..,..,..,3.85514,..,..,..,..,4.57617,..,..,..,3.73055,..,..
Total alcohol consumption per capita (liters of pure alcohol, projected estimates, 15+ years of age),SH.ALC.PCAP.LI,Channel Islands,CHI,..,..,..,..,..,..,..,..,..,..,..,..,..,..,..,..,..,..,..,..,..,..,..,..,..,..,..,..,..,..,..,..,..,..,..,..,..,..,..,..,..,..,..,..,..,..,..,..,..,..,..,..,..,..,..,..,..,..,..,..,..,..
Total alcohol consumption per capita (liters of pure alcohol, projected estimates, 15+ years of age),SH.ALC.PCAP.LI,Chile,CHL,..,..,..,..,..,..,..,..,..,..,..,..,..,..,..,..,..,..,..,..,..,..,..,..,..,..,..,..,..,..,..,..,..,..,..,..,..,..,..,..,6.55045,..,..,..,..,7.47088,..,..,..,..,7.79076,..,..,..,..,7.75342,..,..,..,6.74572,..,..
Total alcohol consumption per capita (liters of pure alcohol, projected estimates, 15+ years of age),SH.ALC.PCAP.LI,China,CHN,..,..,..,..,..,..,..,..,..,..,..,..,..,..,..,..,..,..,..,..,..,..,..,..,..,..,..,..,..,..,..,..,..,..,..,..,..,..,..,..,3.62488,..,..,..,..,3.45674,..,..,..,..,5.90146,..,..,..,..,7.34536,..,..,..,5.72525,..,..
Total alcohol consumption per capita (liters of pure alcohol, projected estimates, 15+ years of age),SH.ALC.PCAP.LI,Colombia,COL,..,..,..,..,..,..,..,..,..,..,..,..,..,..,..,..,..,..,..,..,..,..,..,..,..,..,..,..,..,..,..,..,..,..,..,..,..,..,..,..,5.33948,..,..,..,..,5.22725,..,..,..,..,5.06869,..,..,..,..,5.01742,..,..,..,4.91572,..,..
Total alcohol consumption per capita (liters of pure alcohol, projected estimates, 15+ years of age),SH.ALC.PCAP.LI,Comoros,COM,..,..,..,..,..,..,..,..,..,..,..,..,..,..,..,..,..,..,..,..,..,..,..,..,..,..,..,..,..,..,..,..,..,..,..,..,..,..,..,..,0.15673,..,..,..,..,0.43136,..,..,..,..,0.19504,..,..,..,..,0.20396,..,..,..,0.25281,..,..
"Total alcohol consumption per capita (liters of pure alcohol, projected estimates, 15+ years of age),SH.ALC.PCAP.LI,""Congo, Dem. Rep."",COD,..,..,..,..,..,..,..,..,..,..,..,..,..,..,..,..,..,..,..,..,..,..,..,..,..,..,..,..,..,..,..,..,..,..,..,..,..,..,..,..,8.29227,..,..,..,..,5.52034,..,..,..,..,3.06342,..,..,..,..,2.44432,..,..,..,2.11786,..,.."
"Total alcohol consumption per capita (liters of pure alcohol, projected estimates, 15+ years of age),SH.ALC.PCAP.LI,""Congo, Rep."",COG,..,..,..,..,..,..,..,..,..,..,..,..,..,..,..,..,..,..,..,..,..,..,..,..,..,..,..,..,..,..,..,..,..,..,..,..,..,..,..,..,2.83255,..,..,..,..,3.02925,..,..,..,..,4.65036,..,..,..,..,5.67254,..,..,..,6.39562,..,.."
Total alcohol consumption per capita (liters of pure alcohol, projected estimates, 15+ years of age),SH.ALC.PCAP.LI,Costa Rica,CRI,..,..,..,..,..,..,..,..,..,..,..,..,..,..,..,..,..,..,..,..,..,..,..,..,..,..,..,..,..,..,..,..,..,..,..,..,..,..,..,..,4.61119,..,..,..,..,4.5435,..,..,..,..,3.9975,..,..,..,..,3.50244,..,..,..,3.45249,..,..
Total alcohol consumption per capita (liters of pure alcohol, projected estimates, 15+ years of age),SH.ALC.PCAP.LI,Cote d'Ivoire,CIV,..,..,..,..,..,..,..,..,..,..,..,..,..,..,..,..,..,..,..,..,..,..,..,..,..,..,..,..,..,..,..,..,..,..,..,..,..,..,..,..,4.21117,..,..,..,..,4.25585,..,..,..,..,2.82185,..,..,..,..,2.5693,..,..,..,2.80459,..,..
Total alcohol consumption per capita (liters of pure alcohol, projected estimates, 15+ years of age),SH.ALC.PCAP.LI,Croatia,HRV,..,..,..,..,..,..,..,..,..,..,..,..,..,..,..,..,..,..,..,..,..,..,..,..,..,..,..,..,..,..,..,..,..,..,..,..,..,..,..,..,10.94054,..,..,..,..,9.4624,..,..,..,..,9.47901,..,..,..,..,8.59113,..,..,..,8.54359,..,..
Total alcohol consumption per capita (liters of pure alcohol, projected estimates, 15+ years of age),SH.ALC.PCAP.LI,Cuba,CUB,..,..,..,..,..,..,..,..,..,..,..,..,..,..,..,..,..,..,..,..,..,..,..,..,..,..,..,..,..,..,..,..,..,..,..,..,..,..,..,..,5.43431,..,..,..,..,5.75006,..,..,..,..,5.49872,..,..,..,..,5.85164,..,..,..,6.01384,..,..
Total alcohol consumption per capita (liters of pure alcohol, projected estimates, 15+ years of age),SH.ALC.PCAP.LI,Curacao,CUW,..,..,..,..,..,..,..,..,..,..,..,..,..,..,..,..,..,..,..,..,..,..,..,..,..,..,..,..,..,..,..,..,..,..,..,..,..,..,..,..,..,..,..,..,..,..,..,..,..,..,..,..,..,..,..,..,..,..,..,..,..,..
Total alcohol consumption per capita (liters of pure alcohol, projected estimates, 15+ years of age),SH.ALC.PCAP.LI,Cyprus,CYP,..,..,..,..,..,..,..,..,..,..,..,..,..,..,..,..,..,..,..,..,..,..,..,..,..,..,..,..,..,..,..,..,..,..,..,..,..,..,..,..,8.86417,..,..,..,..,9.88054,..,..,..,..,9.1191,..,..,..,..,8.11866,..,..,..,8.05289,..,..
Total alcohol consumption per capita (liters of pure alcohol, projected estimates, 15+ years of age),SH.ALC.PCAP.LI,Czechia,CZE,..,..,..,..,..,..,..,..,..,..,..,..,..,..,..,..,..,..,..,..,..,..,..,..,..,..,..,..,..,..,..,..,..,..,..,..,..,..,..,..,14.22081,..,..,..,..,13.9892,..,..,..,..,13.3274,..,..,..,..,13.21968,..,..,..,13.28805,..,..
Total alcohol consumption per capita (liters of pure alcohol, projected estimates, 15+ years of age),SH.ALC.PCAP.LI,Denmark,DNK,..,..,..,..,..,..,..,..,..,..,..,..,..,..,..,..,..,..,..,..,..,..,..,..,..,..,..,..,..,..,..,..,..,..,..,..,..,..,..,..,11.68806,..,..,..,..,11.32966,..,..,..,..,10.38865,..,..,..,..,9.61349,..,..,..,9.40172,..,..
Total alcohol consumption per capita (liters of pure alcohol, projected estimates, 15+ years of age),SH.ALC.PCAP.LI,Djibouti,DJI,..,..,..,..,..,..,..,..,..,..,..,..,..,..,..,..,..,..,..,..,..,..,..,..,..,..,..,..,..,..,..,..,..,..,..,..,..,..,..,..,0.65219,..,..,..,..,0.67377,..,..,..,..,0.69242,..,..,..,..,0.53441,..,..,..,0.40234,..,..
Total alcohol consumption per capita (liters of pure alcohol, projected estimates, 15+ years of age),SH.ALC.PCAP.LI,Dominica,DMA,..,..,..,..,..,..,..,..,..,..,..,..,..,..,..,..,..,..,..,..,..,..,..,..,..,..,..,..,..,..,..,..,..,..,..,..,..,..,..,..,8.11513,..,..,..,..,7.9088,..,..,..,..,6.55489,..,..,..,..,6.3121,..,..,..,6.09709,..,..
Total alcohol consumption per capita (liters of pure alcohol, projected estimates, 15+ years of age),SH.ALC.PCAP.LI,Dominican Republic,DOM,..,..,..,..,..,..,..,..,..,..,..,..,..,..,..,..,..,..,..,..,..,..,..,..,..,..,..,..,..,..,..,..,..,..,..,..,..,..,..,..,7.90557,..,..,..,..,6.96088,..,..,..,..,6.83664,..,..,..,..,6.57202,..,..,..,6.76339,..,..
Total alcohol consumption per capita (liters of pure alcohol, projected estimates, 15+ years of age),SH.ALC.PCAP.LI,Ecuador,ECU,..,..,..,..,..,..,..,..,..,..,..,..,..,..,..,..,..,..,..,..,..,..,..,..,..,..,..,..,..,..,..,..,..,..,..,..,..,..,..,..,4.17153,..,..,..,..,3.76136,..,..,..,..,4.12051,..,..,..,..,3.84909,..,..,..,3.25713,..,..
"Total alcohol consumption per capita (liters of pure alcohol, projected estimates, 15+ years of age),SH.ALC.PCAP.LI,""Egypt, Arab Rep."",EGY,..,..,..,..,..,..,..,..,..,..,..,..,..,..,..,..,..,..,..,..,..,..,..,..,..,..,..,..,..,..,..,..,..,..,..,..,..,..,..,..,0.13731,..,..,..,..,0.15779,..,..,..,..,0.20168,..,..,..,..,0.17949,..,..,..,0.14772,..,.."
Total alcohol consumption per capita (liters of pure alcohol, projected estimates, 15+ years of age),SH.ALC.PCAP.LI,El Salvador,SLV,..,..,..,..,..,..,..,..,..,..,..,..,..,..,..,..,..,..,..,..,..,..,..,..,..,..,..,..,..,..,..,..,..,..,..,..,..,..,..,..,3.14422,..,..,..,..,3.09464,..,..,..,..,2.70792,..,..,..,..,2.88672,..,..,..,3.28108,..,..
Total alcohol consumption per capita (liters of pure alcohol, projected estimates, 15+ years of age),SH.ALC.PCAP.LI,Equatorial Guinea,GNQ,..,..,..,..,..,..,..,..,..,..,..,..,..,..,..,..,..,..,..,..,..,..,..,..,..,..,..,..,..,..,..,..,..,..,..,..,..,..,..,..,7.75002,..,..,..,..,9.11411,..,..,..,..,9.16365,..,..,..,..,8.71247,..,..,..,6.94451,..,..
Total alcohol consumption per capita (liters of pure alcohol, projected estimates, 15+ years of age),SH.ALC.PCAP.LI,Eritrea,ERI,..,..,..,..,..,..,..,..,..,..,..,..,..,..,..,..,..,..,..,..,..,..,..,..,..,..,..,..,..,..,..,..,..,..,..,..,..,..,..,..,1.00396,..,..,..,..,1.24925,..,..,..,..,1.44598,..,..,..,..,1.32212,..,..,..,1.22926,..,..
Total alcohol consumption per capita (liters of pure alcohol, projected estimates, 15+ years of age),SH.ALC.PCAP.LI,Estonia,EST,..,..,..,..,..,..,..,..,..,..,..,..,..,..,..,..,..,..,..,..,..,..,..,..,..,..,..,..,..,..,..,..,..,..,..,..,..,..,..,..,10.45458,..,..,..,..,15.25045,..,..,..,..,14.22937,..,..,..,..,15.05872,..,..,..,11.26302,..,..
Total alcohol consumption per capita (liters of pure alcohol, projected estimates, 15+ years of age),SH.ALC.PCAP.LI,Eswatini,SWZ,..,..,..,..,..,..,..,..,..,..,..,..,..,..,..,..,..,..,..,..,..,..,..,..,..,..,..,..,..,..,..,..,..,..,..,..,..,..,..,..,9.42971,..,..,..,..,8.09138,..,..,..,..,7.15288,..,..,..,..,7.7307,..,..,..,8.09183,..,..
Total alcohol consumption per capita (liters of pure alcohol, projected estimates, 15+ years of age),SH.ALC.PCAP.LI,Ethiopia,ETH,..,..,..,..,..,..,..,..,..,..,..,..,..,..,..,..,..,..,..,..,..,..,..,..,..,..,..,..,..,..,..,..,..,..,..,..,..,..,..,..,1.20279,..,..,..,..,1.39794,..,..,..,..,1.66882,..,..,..,..,2.51883,..,..,..,3.36259,..,..
Total alcohol consumption per capita (liters of pure alcohol, projected estimates, 15+ years of age),SH.ALC.PCAP.LI,Faroe Islands,FRO,..,..,..,..,..,..,..,..,..,..,..,..,..,..,..,..,..,..,..,..,..,..,..,..,..,..,..,..,..,..,..,..,..,..,..,..,..,..,..,..,..,..,..,..,..,..,..,..,..,..,..,..,..,..,..,..,..,..,..,..,..,..
Total alcohol consumption per capita (liters of pure alcohol, projected estimates, 15+ years of age),SH.ALC.PCAP.LI,Fiji,FJI,..,..,..,..,..,..,..,..,..,..,..,..,..,..,..,..,..,..,..,..,..,..,..,..,..,..,..,..,..,..,..,..,..,..,..,..,..,..,..,..,2.40679,..,..,..,..,2.67437,..,..,..,..,2.84961,..,..,..,..,3.05805,..,..,..,3.44896,..,..
Total alcohol consumption per capita (liters of pure alcohol, projected estimates, 15+ years of age),SH.ALC.PCAP.LI,Finland,FIN,..,..,..,..,..,..,..,..,..,..,..,..,..,..,..,..,..,..,..,..,..,..,..,..,..,..,..,..,..,..,..,..,..,..,..,..,..,..,..,..,10.00369,..,..,..,..,10.94859,..,..,..,..,10.73588,..,..,..,..,9.43487,..,..,..,9.15577,..,..
Total alcohol consumption per capita (liters of pure alcohol, projected estimates, 15+ years of age),SH.ALC.PCAP.LI,France,FRA,..,..,..,..,..,..,..,..,..,..,..,..,..,..,..,..,..,..,..,..,..,..,..,..,..,..,..,..,..,..,..,..,..,..,..,..,..,..,..,..,13.71902,..,..,..,..,12.81452,..,..,..,..,12.25158,..,..,..,..,11.72756,..,..,..,11.30123,..,..
Total alcohol consumption per capita (liters of pure alcohol, projected estimates, 15+ years of age),SH.ALC.PCAP.LI,French Polynesia,PYF,..,..,..,..,..,..,..,..,..,..,..,..,..,..,..,..,..,..,..,..,..,..,..,..,..,..,..,..,..,..,..,..,..,..,..,..,..,..,..,..,..,..,..,..,..,..,..,..,..,..,..,..,..,..,..,..,..,..,..,..,..,..
Total alcohol consumption per capita (liters of pure alcohol, projected estimates, 15+ years of age),SH.ALC.PCAP.LI,Gabon,GAB,..,..,..,..,..,..,..,..,..,..,..,..,..,..,..,..,..,..,..,..,..,..,..,..,..,..,..,..,..,..,..,..,..,..,..,..,..,..,..,..,9.64371,..,..,..,..,8.89378,..,..,..,..,8.91396,..,..,..,..,8.60308,..,..,..,7.33414,..,..
"Total alcohol consumption per capita (liters of pure alcohol, projected estimates, 15+ years of age),SH.ALC.PCAP.LI,""Gambia, The"",GMB,..,..,..,..,..,..,..,..,..,..,..,..,..,..,..,..,..,..,..,..,..,..,..,..,..,..,..,..,..,..,..,..,..,..,..,..,..,..,..,..,3.73916,..,..,..,..,3.82935,..,..,..,..,3.16961,..,..,..,..,2.07011,..,..,..,1.11406,..,.."
Total alcohol consumption per capita (liters of pure alcohol, projected estimates, 15+ years of age),SH.ALC.PCAP.LI,Georgia,GEO,..,..,..,..,..,..,..,..,..,..,..,..,..,..,..,..,..,..,..,..,..,..,..,..,..,..,..,..,..,..,..,..,..,..,..,..,..,..,..,..,10.56528,..,..,..,..,12.26199,..,..,..,..,14.83722,..,..,..,..,13.94713,..,..,..,14.32856,..,..
Total alcohol consumption per capita (liters of pure alcohol, projected estimates, 15+ years of age),SH.ALC.PCAP.LI,Germany,DEU,..,..,..,..,..,..,..,..,..,..,..,..,..,..,..,..,..,..,..,..,..,..,..,..,..,..,..,..,..,..,..,..,..,..,..,..,..,..,..,..,13.81996,..,..,..,..,13.00788,..,..,..,..,12.41432,..,..,..,..,12.14919,..,..,..,12.21997,..,..
Total alcohol consumption per capita (liters of pure alcohol, projected estimates, 15+ years of age),SH.ALC.PCAP.LI,Ghana,GHA,..,..,..,..,..,..,..,..,..,..,..,..,..,..,..,..,..,..,..,..,..,..,..,..,..,..,..,..,..,..,..,..,..,..,..,..,..,..,..,..,5.32188,..,..,..,..,5.10609,..,..,..,..,5.45291,..,..,..,..,5.00805,..,..,..,4.54779,..,..
Total alcohol consumption per capita (liters of pure alcohol, projected estimates, 15+ years of age),SH.ALC.PCAP.LI,Gibraltar,GIB,..,..,..,..,..,..,..,..,..,..,..,..,..,..,..,..,..,..,..,..,..,..,..,..,..,..,..,..,..,..,..,..,..,..,..,..,..,..,..,..,..,..,..,..,..,..,..,..,..,..,..,..,..,..,..,..,..,..,..,..,..,..
Total alcohol consumption per capita (liters of pure alcohol, projected estimates, 15+ years of age),SH.ALC.PCAP.LI,Greece,GRC,..,..,..,..,..,..,..,..,..,..,..,..,..,..,..,..,..,..,..,..,..,..,..,..,..,..,..,..,..,..,..,..,..,..,..,..,..,..,..,..,8.72506,..,..,..,..,9.27097,..,..,..,..,8.71981,..,..,..,..,7.4752,..,..,..,7.11519,..,..
Total alcohol consumption per capita (liters of pure alcohol, projected estimates, 15+ years of age),SH.ALC.PCAP.LI,Greenland,GRL,..,..,..,..,..,..,..,..,..,..,..,..,..,..,..,..,..,..,..,..,..,..,..,..,..,..,..,..,..,..,..,..,..,..,..,..,..,..,..,..,..,..,..,..,..,..,..,..,..,..,..,..,..,..,..,..,..,..,..,..,..,..
Total alcohol consumption per capita (liters of pure alcohol, projected estimates, 15+ years of age),SH.ALC.PCAP.LI,Grenada,GRD,..,..,..,..,..,..,..,..,..,..,..,..,..,..,..,..,..,..,..,..,..,..,..,..,..,..,..,..,..,..,..,..,..,..,..,..,..,..,..,..,7.6851,..,..,..,..,7.93838,..,..,..,..,7.55081,..,..,..,..,7.76515,..,..,..,8.05902,..,..
Total alcohol consumption per capita (liters of pure alcohol, projected estimates, 15+ years of age),SH.ALC.PCAP.LI,Guam,GUM,..,..,..,..,..,..,..,..,..,..,..,..,..,..,..,..,..,..,..,..,..,..,..,..,..,..,..,..,..,..,..,..,..,..,..,..,..,..,..,..,..,..,..,..,..,..,..,..,..,..,..,..,..,..,..,..,..,..,..,..,..,..
Total alcohol consumption per capita (liters of pure alcohol, projected estimates, 15+ years of age),SH.ALC.PCAP.LI,Guatemala,GTM,..,..,..,..,..,..,..,..,..,..,..,..,..,..,..,..,..,..,..,..,..,..,..,..,..,..,..,..,..,..,..,..,..,..,..,..,..,..,..,..,2.41236,..,..,..,..,2.27228,..,..,..,..,2.04364,..,..,..,..,1.64841,..,..,..,1.62539,..,..
Total alcohol consumption per capita (liters of pure alcohol, projected estimates, 15+ years of age),SH.ALC.PCAP.LI,Guinea,GIN,..,..,..,..,..,..,..,..,..,..,..,..,..,..,..,..,..,..,..,..,..,..,..,..,..,..,..,..,..,..,..,..,..,..,..,..,..,..,..,..,0.29239,..,..,..,..,0.35966,..,..,..,..,0.30785,..,..,..,..,0.49733,..,..,..,0.46907,..,..
Total alcohol consumption per capita (liters of pure alcohol, projected estimates, 15+ years of age),SH.ALC.PCAP.LI,Guinea-Bissau,GNB,..,..,..,..,..,..,..,..,..,..,..,..,..,..,..,..,..,..,..,..,..,..,..,..,..,..,..,..,..,..,..,..,..,..,..,..,..,..,..,..,4.147,..,..,..,..,4.44712,..,..,..,..,3.88285,..,..,..,..,3.98813,..,..,..,4.14307,..,..
Total alcohol consumption per capita (liters of pure alcohol, projected estimates, 15+ years of age),SH.ALC.PCAP.LI,Guyana,GUY,..,..,..,..,..,..,..,..,..,..,..,..,..,..,..,..,..,..,..,..,..,..,..,..,..,..,..,..,..,..,..,..,..,..,..,..,..,..,..,..,5.38478,..,..,..,..,5.82427,..,..,..,..,5.76731,..,..,..,..,5.74604,..,..,..,5.34695,..,..
Total alcohol consumption per capita (liters of pure alcohol, projected estimates, 15+ years of age),SH.ALC.PCAP.LI,Haiti,HTI,..,..,..,..,..,..,..,..,..,..,..,..,..,..,..,..,..,..,..,..,..,..,..,..,..,..,..,..,..,..,..,..,..,..,..,..,..,..,..,..,4.14456,..,..,..,..,4.01783,..,..,..,..,3.1354,..,..,..,..,3.2231,..,..,..,3.45064,..,..
Total alcohol consumption per capita (liters of pure alcohol, projected estimates, 15+ years of age),SH.ALC.PCAP.LI,Honduras,HND,..,..,..,..,..,..,..,..,..,..,..,..,..,..,..,..,..,..,..,..,..,..,..,..,..,..,..,..,..,..,..,..,..,..,..,..,..,..,..,..,3.09442,..,..,..,..,3.39414,..,..,..,..,3.1297,..,..,..,..,2.85145,..,..,..,3.1686,..,..
"Total alcohol consumption per capita (liters of pure alcohol, projected estimates, 15+ years of age),SH.ALC.PCAP.LI,""Hong Kong SAR, China"",HKG,..,..,..,..,..,..,..,..,..,..,..,..,..,..,..,..,..,..,..,..,..,..,..,..,..,..,..,..,..,..,..,..,..,..,..,..,..,..,..,..,..,..,..,..,..,..,..,..,..,..,..,..,..,..,..,..,..,..,..,..,..,.."
Total alcohol consumption per capita (liters of pure alcohol, projected estimates, 15+ years of age),SH.ALC.PCAP.LI,Hungary,HUN,..,..,..,..,..,..,..,..,..,..,..,..,..,..,..,..,..,..,..,..,..,..,..,..,..,..,..,..,..,..,..,..,..,..,..,..,..,..,..,..,12.38419,..,..,..,..,12.58286,..,..,..,..,10.83775,..,..,..,..,10.67668,..,..,..,10.59925,..,..
Total alcohol consumption per capita (liters of pure alcohol, projected estimates, 15+ years of age),SH.ALC.PCAP.LI,Iceland,ISL,..,..,..,..,..,..,..,..,..,..,..,..,..,..,..,..,..,..,..,..,..,..,..,..,..,..,..,..,..,..,..,..,..,..,..,..,..,..,..,..,6.91687,..,..,..,..,7.52491,..,..,..,..,7.47418,..,..,..,..,7.84791,..,..,..,8.07439,..,..
Total alcohol consumption per capita (liters of pure alcohol, projected estimates, 15+ years of age),SH.ALC.PCAP.LI,India,IND,..,..,..,..,..,..,..,..,..,..,..,..,..,..,..,..,..,..,..,..,..,..,..,..,..,..,..,..,..,..,..,..,..,..,..,..,..,..,..,..,1.97474,..,..,..,..,2.38698,..,..,..,..,4.61673,..,..,..,..,4.95978,..,..,..,4.92498,..,..
Total alcohol consumption per capita (liters of pure alcohol, projected estimates, 15+ years of age),SH.ALC.PCAP.LI,Indonesia,IDN,..,..,..,..,..,..,..,..,..,..,..,..,..,..,..,..,..,..,..,..,..,..,..,..,..,..,..,..,..,..,..,..,..,..,..,..,..,..,..,..,0.08298,..,..,..,..,0.08199,..,..,..,..,0.10398,..,..,..,..,0.11112,..,..,..,0.11037,..,..
"Total alcohol consumption per capita (liters of pure alcohol, projected estimates, 15+ years of age),SH.ALC.PCAP.LI,""Iran, Islamic Rep."",IRN,..,..,..,..,..,..,..,..,..,..,..,..,..,..,..,..,..,..,..,..,..,..,..,..,..,..,..,..,..,..,..,..,..,..,..,..,..,..,..,..,0.02131,..,..,..,..,0.08456,..,..,..,..,1.1239,..,..,..,..,0.43723,..,..,..,0.70015,..,.."
Total alcohol consumption per capita (liters of pure alcohol, projected estimates, 15+ years of age),SH.ALC.PCAP.LI,Iraq,IRQ,..,..,..,..,..,..,..,..,..,..,..,..,..,..,..,..,..,..,..,..,..,..,..,..,..,..,..,..,..,..,..,..,..,..,..,..,..,..,..,..,0.18899,..,..,..,..,0.14291,..,..,..,..,0.23983,..,..,..,..,0.2307,..,..,..,0.24048,..,..
Total alcohol consumption per capita (liters of pure alcohol, projected estimates, 15+ years of age),SH.ALC.PCAP.LI,Ireland,IRL,..,..,..,..,..,..,..,..,..,..,..,..,..,..,..,..,..,..,..,..,..,..,..,..,..,..,..,..,..,..,..,..,..,..,..,..,..,..,..,..,15.03272,..,..,..,..,14.14072,..,..,..,..,12.21442,..,..,..,..,11.71409,..,..,..,11.7039,..,..
Total alcohol consumption per capita (liters of pure alcohol, projected estimates, 15+ years of age),SH.ALC.PCAP.LI,Isle of Man,IMN,..,..,..,..,..,..,..,..,..,..,..,..,..,..,..,..,..,..,..,..,..,..,..,..,..,..,..,..,..,..,..,..,..,..,..,..,..,..,..,..,..,..,..,..,..,..,..,..,..,..,..,..,..,..,..,..,..,..,..,..,..,..
Total alcohol consumption per capita (liters of pure alcohol, projected estimates, 15+ years of age),SH.ALC.PCAP.LI,Israel,ISR,..,..,..,..,..,..,..,..,..,..,..,..,..,..,..,..,..,..,..,..,..,..,..,..,..,..,..,..,..,..,..,..,..,..,..,..,..,..,..,..,2.92545,..,..,..,..,2.8461,..,..,..,..,3.16162,..,..,..,..,2.94125,..,..,..,3.00583,..,..
Total alcohol consumption per capita (liters of pure alcohol, projected estimates, 15+ years of age),SH.ALC.PCAP.LI,Italy,ITA,..,..,..,..,..,..,..,..,..,..,..,..,..,..,..,..,..,..,..,..,..,..,..,..,..,..,..,..,..,..,..,..,..,..,..,..,..,..,..,..,9.95187,..,..,..,..,8.31721,..,..,..,..,7.21902,..,..,..,..,7.67835,..,..,..,7.96607,..,..
Total alcohol consumption per capita (liters of pure alcohol, projected estimates, 15+ years of age),SH.ALC.PCAP.LI,Jamaica,JAM,..,..,..,..,..,..,..,..,..,..,..,..,..,..,..,..,..,..,..,..,..,..,..,..,..,..,..,..,..,..,..,..,..,..,..,..,..,..,..,..,3.33738,..,..,..,..,3.13045,..,..,..,..,3.04422,..,..,..,..,3.38755,..,..,..,3.60021,..,..
Total alcohol consumption per capita (liters of pure alcohol, projected estimates, 15+ years of age),SH.ALC.PCAP.LI,Japan,JPN,..,..,..,..,..,..,..,..,..,..,..,..,..,..,..,..,..,..,..,..,..,..,..,..,..,..,..,..,..,..,..,..,..,..,..,..,..,..,..,..,7.65855,..,..,..,..,7.41497,..,..,..,..,6.77009,..,..,..,..,6.71821,..,..,..,6.68016,..,..
Total alcohol consumption per capita (liters of pure alcohol, projected estimates, 15+ years of age),SH.ALC.PCAP.LI,Jordan,JOR,..,..,..,..,..,..,..,..,..,..,..,..,..,..,..,..,..,..,..,..,..,..,..,..,..,..,..,..,..,..,..,..,..,..,..,..,..,..,..,..,0.49358,..,..,..,..,0.5001,..,..,..,..,0.47996,..,..,..,..,0.36628,..,..,..,0.30566,..,..
Total alcohol consumption per capita (liters of pure alcohol, projected estimates, 15+ years of age),SH.ALC.PCAP.LI,Kazakhstan,KAZ,..,..,..,..,..,..,..,..,..,..,..,..,..,..,..,..,..,..,..,..,..,..,..,..,..,..,..,..,..,..,..,..,..,..,..,..,..,..,..,..,6.64084,..,..,..,..,7.4132,..,..,..,..,4.20016,..,..,..,..,4.17174,..,..,..,4.52228,..,..
Total alcohol consumption per capita (liters of pure alcohol, projected estimates, 15+ years of age),SH.ALC.PCAP.LI,Kenya,KEN,..,..,..,..,..,..,..,..,..,..,..,..,..,..,..,..,..,..,..,..,..,..,..,..,..,..,..,..,..,..,..,..,..,..,..,..,..,..,..,..,2.15626,..,..,..,..,2.15478,..,..,..,..,2.51236,..,..,..,..,2.781,..,..,..,2.86537,..,..
Total alcohol consumption per capita (liters of pure alcohol, projected estimates, 15+ years of age),SH.ALC.PCAP.LI,Kiribati,KIR,..,..,..,..,..,..,..,..,..,..,..,..,..,..,..,..,..,..,..,..,..,..,..,..,..,..,..,..,..,..,..,..,..,..,..,..,..,..,..,..,1.46528,..,..,..,..,1.11892,..,..,..,..,0.65397,..,..,..,..,0.70904,..,..,..,0.75599,..,..
"Total alcohol consumption per capita (liters of pure alcohol, projected estimates, 15+ years of age),SH.ALC.PCAP.LI,""Korea, Dem. People's Rep."",PRK,..,..,..,..,..,..,..,..,..,..,..,..,..,..,..,..,..,..,..,..,..,..,..,..,..,..,..,..,..,..,..,..,..,..,..,..,..,..,..,..,3.873,..,..,..,..,4.08559,..,..,..,..,4.42827,..,..,..,..,4.44885,..,..,..,4.28537,..,.."
"Total alcohol consumption per capita (liters of pure alcohol, projected estimates, 15+ years of age),SH.ALC.PCAP.LI,""Korea, Rep."",KOR,..,..,..,..,..,..,..,..,..,..,..,..,..,..,..,..,..,..,..,..,..,..,..,..,..,..,..,..,..,..,..,..,..,..,..,..,..,..,..,..,10.92941,..,..,..,..,9.507,..,..,..,..,9.37587,..,..,..,..,8.52494,..,..,..,8.18953,..,.."
Total alcohol consumption per capita (liters of pure alcohol, projected estimates, 15+ years of age),SH.ALC.PCAP.LI,Kosovo,XKX,..,..,..,..,..,..,..,..,..,..,..,..,..,..,..,..,..,..,..,..,..,..,..,..,..,..,..,..,..,..,..,..,..,..,..,..,..,..,..,..,..,..,..,..,..,..,..,..,..,..,..,..,..,..,..,..,..,..,..,..,..,..
Total alcohol consumption per capita (liters of pure alcohol, projected estimates, 15+ years of age),SH.ALC.PCAP.LI,Kuwait,KWT,..,..,..,..,..,..,..,..,..,..,..,..,..,..,..,..,..,..,..,..,..,..,..,..,..,..,..,..,..,..,..,..,..,..,..,..,..,..,..,..,0,..,..,..,..,0,..,..,..,..,0,..,..,..,..,0,..,..,..,0,..,..
Total alcohol consumption per capita (liters of pure alcohol, projected estimates, 15+ years of age),SH.ALC.PCAP.LI,Kyrgyz Republic,KGZ,..,..,..,..,..,..,..,..,..,..,..,..,..,..,..,..,..,..,..,..,..,..,..,..,..,..,..,..,..,..,..,..,..,..,..,..,..,..,..,..,5.53183,..,..,..,..,6.74098,..,..,..,..,6.3873,..,..,..,..,6.16956,..,..,..,4.95335,..,..
Total alcohol consumption per capita (liters of pure alcohol, projected estimates, 15+ years of age),SH.ALC.PCAP.LI,Lao PDR,LAO,..,..,..,..,..,..,..,..,..,..,..,..,..,..,..,..,..,..,..,..,..,..,..,..,..,..,..,..,..,..,..,..,..,..,..,..,..,..,..,..,8.17678,..,..,..,..,7.82161,..,..,..,..,10.41566,..,..,..,..,11.30905,..,..,..,11.52024,..,..
Total alcohol consumption per capita (liters of pure alcohol, projected estimates, 15+ years of age),SH.ALC.PCAP.LI,Latvia,LVA,..,..,..,..,..,..,..,..,..,..,..,..,..,..,..,..,..,..,..,..,..,..,..,..,..,..,..,..,..,..,..,..,..,..,..,..,..,..,..,..,8.89898,..,..,..,..,10.86991,..,..,..,..,10.99456,..,..,..,..,11.60985,..,..,..,13.09042,..,..
Total alcohol consumption per capita (liters of pure alcohol, projected estimates, 15+ years of age),SH.ALC.PCAP.LI,Lebanon,LBN,..,..,..,..,..,..,..,..,..,..,..,..,..,..,..,..,..,..,..,..,..,..,..,..,..,..,..,..,..,..,..,..,..,..,..,..,..,..,..,..,2.28251,..,..,..,..,1.93744,..,..,..,..,1.81577,..,..,..,..,1.53351,..,..,..,1.48062,..,..
Total alcohol consumption per capita (liters of pure alcohol, projected estimates, 15+ years of age),SH.ALC.PCAP.LI,Lesotho,LSO,..,..,..,..,..,..,..,..,..,..,..,..,..,..,..,..,..,..,..,..,..,..,..,..,..,..,..,..,..,..,..,..,..,..,..,..,..,..,..,..,3.75571,..,..,..,..,3.64693,..,..,..,..,3.38959,..,..,..,..,3.28338,..,..,..,4.54072,..,..
Total alcohol consumption per capita (liters of pure alcohol, projected estimates, 15+ years of age),SH.ALC.PCAP.LI,Liberia,LBR,..,..,..,..,..,..,..,..,..,..,..,..,..,..,..,..,..,..,..,..,..,..,..,..,..,..,..,..,..,..,..,..,..,..,..,..,..,..,..,..,4.49717,..,..,..,..,4.32343,..,..,..,..,3.89923,..,..,..,..,3.62643,..,..,..,3.64307,..,..
Total alcohol consumption per capita (liters of pure alcohol, projected estimates, 15+ years of age),SH.ALC.PCAP.LI,Libya,LBY,..,..,..,..,..,..,..,..,..,..,..,..,..,..,..,..,..,..,..,..,..,..,..,..,..,..,..,..,..,..,..,..,..,..,..,..,..,..,..,..,0.00703,..,..,..,..,0.02729,..,..,..,..,0.00691,..,..,..,..,0.01084,..,..,..,0.0084,..,..
Total alcohol consumption per capita (liters of pure alcohol, projected estimates, 15+ years of age),SH.ALC.PCAP.LI,Liechtenstein,LIE,..,..,..,..,..,..,..,..,..,..,..,..,..,..,..,..,..,..,..,..,..,..,..,..,..,..,..,..,..,..,..,..,..,..,..,..,..,..,..,..,..,..,..,..,..,..,..,..,..,..,..,..,..,..,..,..,..,..,..,..,..,..
Total alcohol consumption per capita (liters of pure alcohol, projected estimates, 15+ years of age),SH.ALC.PCAP.LI,Lithuania,LTU,..,..,..,..,..,..,..,..,..,..,..,..,..,..,..,..,..,..,..,..,..,..,..,..,..,..,..,..,..,..,..,..,..,..,..,..,..,..,..,..,11.5037,..,..,..,..,13.52593,..,..,..,..,14.05427,..,..,..,..,14.1729,..,..,..,11.7853,..,..
Total alcohol consumption per capita (liters of pure alcohol, projected estimates, 15+ years of age),SH.ALC.PCAP.LI,Luxembourg,LUX,..,..,..,..,..,..,..,..,..,..,..,..,..,..,..,..,..,..,..,..,..,..,..,..,..,..,..,..,..,..,..,..,..,..,..,..,..,..,..,..,13.65228,..,..,..,..,12.74918,..,..,..,..,12.13358,..,..,..,..,11.71343,..,..,..,11.5288,..,..
"Total alcohol consumption per capita (liters of pure alcohol, projected estimates, 15+ years of age),SH.ALC.PCAP.LI,""Macao SAR, China"",MAC,..,..,..,..,..,..,..,..,..,..,..,..,..,..,..,..,..,..,..,..,..,..,..,..,..,..,..,..,..,..,..,..,..,..,..,..,..,..,..,..,..,..,..,..,..,..,..,..,..,..,..,..,..,..,..,..,..,..,..,..,..,.."
Total alcohol consumption per capita (liters of pure alcohol, projected estimates, 15+ years of age),SH.ALC.PCAP.LI,Madagascar,MDG,..,..,..,..,..,..,..,..,..,..,..,..,..,..,..,..,..,..,..,..,..,..,..,..,..,..,..,..,..,..,..,..,..,..,..,..,..,..,..,..,1.46215,..,..,..,..,0.93599,..,..,..,..,1.06442,..,..,..,..,1.00935,..,..,..,1.02054,..,..
Total alcohol consumption per capita (liters of pure alcohol, projected estimates, 15+ years of age),SH.ALC.PCAP.LI,Malawi,MWI,..,..,..,..,..,..,..,..,..,..,..,..,..,..,..,..,..,..,..,..,..,..,..,..,..,..,..,..,..,..,..,..,..,..,..,..,..,..,..,..,3.00077,..,..,..,..,3.13159,..,..,..,..,3.57067,..,..,..,..,3.37375,..,..,..,3.23678,..,..
Total alcohol consumption per capita (liters of pure alcohol, projected estimates, 15+ years of age),SH.ALC.PCAP.LI,Malaysia,MYS,..,..,..,..,..,..,..,..,..,..,..,..,..,..,..,..,..,..,..,..,..,..,..,..,..,..,..,..,..,..,..,..,..,..,..,..,..,..,..,..,0.62349,..,..,..,..,0.58713,..,..,..,..,0.60138,..,..,..,..,0.65486,..,..,..,0.75939,..,..
Total alcohol consumption per capita (liters of pure alcohol, projected estimates, 15+ years of age),SH.ALC.PCAP.LI,Maldives,MDV,..,..,..,..,..,..,..,..,..,..,..,..,..,..,..,..,..,..,..,..,..,..,..,..,..,..,..,..,..,..,..,..,..,..,..,..,..,..,..,..,1.74565,..,..,..,..,1.36587,..,..,..,..,1.55865,..,..,..,..,1.35468,..,..,..,1.42565,..,..
Total alcohol consumption per capita (liters of pure alcohol, projected estimates, 15+ years of age),SH.ALC.PCAP.LI,Mali,MLI,..,..,..,..,..,..,..,..,..,..,..,..,..,..,..,..,..,..,..,..,..,..,..,..,..,..,..,..,..,..,..,..,..,..,..,..,..,..,..,..,0.81598,..,..,..,..,0.77394,..,..,..,..,3.4041,..,..,..,..,4.58867,..,..,..,4.34772,..,..
Total alcohol consumption per capita (liters of pure alcohol, projected estimates, 15+ years of age),SH.ALC.PCAP.LI,Malta,MLT,..,..,..,..,..,..,..,..,..,..,..,..,..,..,..,..,..,..,..,..,..,..,..,..,..,..,..,..,..,..,..,..,..,..,..,..,..,..,..,..,5.69825,..,..,..,..,6.76578,..,..,..,..,6.90897,..,..,..,..,7.71665,..,..,..,8.52383,..,..
Total alcohol consumption per capita (liters of pure alcohol, projected estimates, 15+ years of age),SH.ALC.PCAP.LI,Marshall Islands,MHL,..,..,..,..,..,..,..,..,..,..,..,..,..,..,..,..,..,..,..,..,..,..,..,..,..,..,..,..,..,..,..,..,..,..,..,..,..,..,..,..,..,..,..,..,..,..,..,..,..,..,..,..,..,..,..,..,..,..,..,..,..,..
Total alcohol consumption per capita (liters of pure alcohol, projected estimates, 15+ years of age),SH.ALC.PCAP.LI,Mauritania,MRT,..,..,..,..,..,..,..,..,..,..,..,..,..,..,..,..,..,..,..,..,..,..,..,..,..,..,..,..,..,..,..,..,..,..,..,..,..,..,..,..,0,..,..,..,..,0,..,..,..,..,0,..,..,..,..,0,..,..,..,0,..,..
Total alcohol consumption per capita (liters of pure alcohol, projected estimates, 15+ years of age),SH.ALC.PCAP.LI,Mauritius,MUS,..,..,..,..,..,..,..,..,..,..,..,..,..,..,..,..,..,..,..,..,..,..,..,..,..,..,..,..,..,..,..,..,..,..,..,..,..,..,..,..,8.0134,..,..,..,..,7.86182,..,..,..,..,7.67242,..,..,..,..,7.40097,..,..,..,7.52215,..,..
Total alcohol consumption per capita (liters of pure alcohol, projected estimates, 15+ years of age),SH.ALC.PCAP.LI,Mexico,MEX,..,..,..,..,..,..,..,..,..,..,..,..,..,..,..,..,..,..,..,..,..,..,..,..,..,..,..,..,..,..,..,..,..,..,..,..,..,..,..,..,6.16331,..,..,..,..,6.19044,..,..,..,..,5.23485,..,..,..,..,5.15441,..,..,..,5.71942,..,..
"Total alcohol consumption per capita (liters of pure alcohol, projected estimates, 15+ years of age),SH.ALC.PCAP.LI,""Micronesia, Fed. Sts."",FSM,..,..,..,..,..,..,..,..,..,..,..,..,..,..,..,..,..,..,..,..,..,..,..,..,..,..,..,..,..,..,..,..,..,..,..,..,..,..,..,..,3.38574,..,..,..,..,2.51241,..,..,..,..,2.49966,..,..,..,..,2.09332,..,..,..,2.12472,..,.."
Total alcohol consumption per capita (liters of pure alcohol, projected estimates, 15+ years of age),SH.ALC.PCAP.LI,Moldova,MDA,..,..,..,..,..,..,..,..,..,..,..,..,..,..,..,..,..,..,..,..,..,..,..,..,..,..,..,..,..,..,..,..,..,..,..,..,..,..,..,..,10.36363,..,..,..,..,12.94856,..,..,..,..,11.4277,..,..,..,..,11.34843,..,..,..,11.36078,..,..
Total alcohol consumption per capita (liters of pure alcohol, projected estimates, 15+ years of age),SH.ALC.PCAP.LI,Monaco,MCO,..,..,..,..,..,..,..,..,..,..,..,..,..,..,..,..,..,..,..,..,..,..,..,..,..,..,..,..,..,..,..,..,..,..,..,..,..,..,..,..,..,..,..,..,..,..,..,..,..,..,..,..,..,..,..,..,..,..,..,..,..,..
Total alcohol consumption per capita (liters of pure alcohol, projected estimates, 15+ years of age),SH.ALC.PCAP.LI,Mongolia,MNG,..,..,..,..,..,..,..,..,..,..,..,..,..,..,..,..,..,..,..,..,..,..,..,..,..,..,..,..,..,..,..,..,..,..,..,..,..,..,..,..,2.83312,..,..,..,..,4.50856,..,..,..,..,7.7572,..,..,..,..,9.65784,..,..,..,7.93383,..,..
Total alcohol consumption per capita (liters of pure alcohol, projected estimates, 15+ years of age),SH.ALC.PCAP.LI,Montenegro,MNE,..,..,..,..,..,..,..,..,..,..,..,..,..,..,..,..,..,..,..,..,..,..,..,..,..,..,..,..,..,..,..,..,..,..,..,..,..,..,..,..,..,..,..,..,..,..,..,..,..,..,10.3988,..,..,..,..,9.55367,..,..,..,10.34273,..,..
Total alcohol consumption per capita (liters of pure alcohol, projected estimates, 15+ years of age),SH.ALC.PCAP.LI,Morocco,MAR,..,..,..,..,..,..,..,..,..,..,..,..,..,..,..,..,..,..,..,..,..,..,..,..,..,..,..,..,..,..,..,..,..,..,..,..,..,..,..,..,0.46336,..,..,..,..,0.48119,..,..,..,..,0.50344,..,..,..,..,0.40654,..,..,..,0.48891,..,..
Total alcohol consumption per capita (liters of pure alcohol, projected estimates, 15+ years of age),SH.ALC.PCAP.LI,Mozambique,MOZ,..,..,..,..,..,..,..,..,..,..,..,..,..,..,..,..,..,..,..,..,..,..,..,..,..,..,..,..,..,..,..,..,..,..,..,..,..,..,..,..,1.09,..,..,..,..,1.04532,..,..,..,..,1.23083,..,..,..,..,1.75973,..,..,..,2.02949,..,..
Total alcohol consumption per capita (liters of pure alcohol, projected estimates, 15+ years of age),SH.ALC.PCAP.LI,Myanmar,MMR,..,..,..,..,..,..,..,..,..,..,..,..,..,..,..,..,..,..,..,..,..,..,..,..,..,..,..,..,..,..,..,..,..,..,..,..,..,..,..,..,0.37324,..,..,..,..,0.7068,..,..,..,..,1.09515,..,..,..,..,1.61673,..,..,..,2.11591,..,..
Total alcohol consumption per capita (liters of pure alcohol, projected estimates, 15+ years of age),SH.ALC.PCAP.LI,Namibia,NAM,..,..,..,..,..,..,..,..,..,..,..,..,..,..,..,..,..,..,..,..,..,..,..,..,..,..,..,..,..,..,..,..,..,..,..,..,..,..,..,..,4.65141,..,..,..,..,4.45443,..,..,..,..,4.95945,..,..,..,..,6.00647,..,..,..,5.92607,..,..
Total alcohol consumption per capita (liters of pure alcohol, projected estimates, 15+ years of age),SH.ALC.PCAP.LI,Nauru,NRU,..,..,..,..,..,..,..,..,..,..,..,..,..,..,..,..,..,..,..,..,..,..,..,..,..,..,..,..,..,..,..,..,..,..,..,..,..,..,..,..,4.46581,..,..,..,..,2.75773,..,..,..,..,4.1628,..,..,..,..,2.94498,..,..,..,2.94225,..,..
Total alcohol consumption per capita (liters of pure alcohol, projected estimates, 15+ years of age),SH.ALC.PCAP.LI,Nepal,NPL,..,..,..,..,..,..,..,..,..,..,..,..,..,..,..,..,..,..,..,..,..,..,..,..,..,..,..,..,..,..,..,..,..,..,..,..,..,..,..,..,0.19932,..,..,..,..,0.31087,..,..,..,..,0.95337,..,..,..,..,1.21792,..,..,..,1.36347,..,..
Total alcohol consumption per capita (liters of pure alcohol, projected estimates, 15+ years of age),SH.ALC.PCAP.LI,Netherlands,NLD,..,..,..,..,..,..,..,..,..,..,..,..,..,..,..,..,..,..,..,..,..,..,..,..,..,..,..,..,..,..,..,..,..,..,..,..,..,..,..,..,11.13971,..,..,..,..,10.74507,..,..,..,..,10.19669,..,..,..,..,9.3835,..,..,..,9.30324,..,..
Total alcohol consumption per capita (liters of pure alcohol, projected estimates, 15+ years of age),SH.ALC.PCAP.LI,New Caledonia,NCL,..,..,..,..,..,..,..,..,..,..,..,..,..,..,..,..,..,..,..,..,..,..,..,..,..,..,..,..,..,..,..,..,..,..,..,..,..,..,..,..,..,..,..,..,..,..,..,..,..,..,..,..,..,..,..,..,..,..,..,..,..,..
Total alcohol consumption per capita (liters of pure alcohol, projected estimates, 15+ years of age),SH.ALC.PCAP.LI,New Zealand,NZL,..,..,..,..,..,..,..,..,..,..,..,..,..,..,..,..,..,..,..,..,..,..,..,..,..,..,..,..,..,..,..,..,..,..,..,..,..,..,..,..,9.77084,..,..,..,..,10.15271,..,..,..,..,10.27561,..,..,..,..,9.69342,..,..,..,9.88698,..,..
Total alcohol consumption per capita (liters of pure alcohol, projected estimates, 15+ years of age),SH.ALC.PCAP.LI,Nicaragua,NIC,..,..,..,..,..,..,..,..,..,..,..,..,..,..,..,..,..,..,..,..,..,..,..,..,..,..,..,..,..,..,..,..,..,..,..,..,..,..,..,..,3.92988,..,..,..,..,4.1123,..,..,..,..,3.74944,..,..,..,..,4.11369,..,..,..,4.17178,..,..
Total alcohol consumption per capita (liters of pure alcohol, projected estimates, 15+ years of age),SH.ALC.PCAP.LI,Niger,NER,..,..,..,..,..,..,..,..,..,..,..,..,..,..,..,..,..,..,..,..,..,..,..,..,..,..,..,..,..,..,..,..,..,..,..,..,..,..,..,..,0.13822,..,..,..,..,0.1403,..,..,..,..,0.1657,..,..,..,..,0.1825,..,..,..,0.13121,..,..
Total alcohol consumption per capita (liters of pure alcohol, projected estimates, 15+ years of age),SH.ALC.PCAP.LI,Nigeria,NGA,..,..,..,..,..,..,..,..,..,..,..,..,..,..,..,..,..,..,..,..,..,..,..,..,..,..,..,..,..,..,..,..,..,..,..,..,..,..,..,..,7.93168,..,..,..,..,7.90863,..,..,..,..,5.06426,..,..,..,..,4.38764,..,..,..,4.21026,..,..
Total alcohol consumption per capita (liters of pure alcohol, projected estimates, 15+ years of age),SH.ALC.PCAP.LI,North Macedonia,MKD,..,..,..,..,..,..,..,..,..,..,..,..,..,..,..,..,..,..,..,..,..,..,..,..,..,..,..,..,..,..,..,..,..,..,..,..,..,..,..,..,4.46226,..,..,..,..,4.75787,..,..,..,..,4.32093,..,..,..,..,4.29946,..,..,..,4.61578,..,..
Total alcohol consumption per capita (liters of pure alcohol, projected estimates, 15+ years of age),SH.ALC.PCAP.LI,Northern Mariana Islands,MNP,..,..,..,..,..,..,..,..,..,..,..,..,..,..,..,..,..,..,..,..,..,..,..,..,..,..,..,..,..,..,..,..,..,..,..,..,..,..,..,..,..,..,..,..,..,..,..,..,..,..,..,..,..,..,..,..,..,..,..,..,..,..
Total alcohol consumption per capita (liters of pure alcohol, projected estimates, 15+ years of age),SH.ALC.PCAP.LI,Norway,NOR,..,..,..,..,..,..,..,..,..,..,..,..,..,..,..,..,..,..,..,..,..,..,..,..,..,..,..,..,..,..,..,..,..,..,..,..,..,..,..,..,6.6346,..,..,..,..,7.26719,..,..,..,..,7.42912,..,..,..,..,6.82976,..,..,..,6.80397,..,..
Total alcohol consumption per capita (liters of pure alcohol, projected estimates, 15+ years of age),SH.ALC.PCAP.LI,Oman,OMN,..,..,..,..,..,..,..,..,..,..,..,..,..,..,..,..,..,..,..,..,..,..,..,..,..,..,..,..,..,..,..,..,..,..,..,..,..,..,..,..,0.81881,..,..,..,..,1.0419,..,..,..,..,0.88015,..,..,..,..,0.80973,..,..,..,0.87812,..,..
Total alcohol consumption per capita (liters of pure alcohol, projected estimates, 15+ years of age),SH.ALC.PCAP.LI,Pakistan,PAK,..,..,..,..,..,..,..,..,..,..,..,..,..,..,..,..,..,..,..,..,..,..,..,..,..,..,..,..,..,..,..,..,..,..,..,..,..,..,..,..,0.03306,..,..,..,..,0.05025,..,..,..,..,0.0792,..,..,..,..,0.09552,..,..,..,0.10347,..,..
Total alcohol consumption per capita (liters of pure alcohol, projected estimates, 15+ years of age),SH.ALC.PCAP.LI,Palau,PLW,..,..,..,..,..,..,..,..,..,..,..,..,..,..,..,..,..,..,..,..,..,..,..,..,..,..,..,..,..,..,..,..,..,..,..,..,..,..,..,..,..,..,..,..,..,..,..,..,..,..,..,..,..,..,..,..,..,..,..,..,..,..
Total alcohol consumption per capita (liters of pure alcohol, projected estimates, 15+ years of age),SH.ALC.PCAP.LI,Panama,PAN,..,..,..,..,..,..,..,..,..,..,..,..,..,..,..,..,..,..,..,..,..,..,..,..,..,..,..,..,..,..,..,..,..,..,..,..,..,..,..,..,5.37223,..,..,..,..,5.38225,..,..,..,..,6.50525,..,..,..,..,6.59,..,..,..,6.5962,..,..
Total alcohol consumption per capita (liters of pure alcohol, projected estimates, 15+ years of age),SH.ALC.PCAP.LI,Papua New Guinea,PNG,..,..,..,..,..,..,..,..,..,..,..,..,..,..,..,..,..,..,..,..,..,..,..,..,..,..,..,..,..,..,..,..,..,..,..,..,..,..,..,..,2.17703,..,..,..,..,1.87577,..,..,..,..,1.401,..,..,..,..,1.72634,..,..,..,1.69582,..,..
Total alcohol consumption per capita (liters of pure alcohol, projected estimates, 15+ years of age),SH.ALC.PCAP.LI,Paraguay,PRY,..,..,..,..,..,..,..,..,..,..,..,..,..,..,..,..,..,..,..,..,..,..,..,..,..,..,..,..,..,..,..,..,..,..,..,..,..,..,..,..,5.67541,..,..,..,..,5.88308,..,..,..,..,6.37117,..,..,..,..,5.41486,..,..,..,5.60061,..,..
Total alcohol consumption per capita (liters of pure alcohol, projected estimates, 15+ years of age),SH.ALC.PCAP.LI,Peru,PER,..,..,..,..,..,..,..,..,..,..,..,..,..,..,..,..,..,..,..,..,..,..,..,..,..,..,..,..,..,..,..,..,..,..,..,..,..,..,..,..,6.02938,..,..,..,..,6.17756,..,..,..,..,7.53994,..,..,..,..,7.54729,..,..,..,7.45063,..,..
Total alcohol consumption per capita (liters of pure alcohol, projected estimates, 15+ years of age),SH.ALC.PCAP.LI,Philippines,PHL,..,..,..,..,..,..,..,..,..,..,..,..,..,..,..,..,..,..,..,..,..,..,..,..,..,..,..,..,..,..,..,..,..,..,..,..,..,..,..,..,5.82457,..,..,..,..,5.63677,..,..,..,..,6.1214,..,..,..,..,5.85233,..,..,..,6.1811,..,..
Total alcohol consumption per capita (liters of pure alcohol, projected estimates, 15+ years of age),SH.ALC.PCAP.LI,Poland,POL,..,..,..,..,..,..,..,..,..,..,..,..,..,..,..,..,..,..,..,..,..,..,..,..,..,..,..,..,..,..,..,..,..,..,..,..,..,..,..,..,9.6517,..,..,..,..,10.71499,..,..,..,..,11.30438,..,..,..,..,11.46278,..,..,..,11.62513,..,..
Total alcohol consumption per capita (liters of pure alcohol, projected estimates, 15+ years of age),SH.ALC.PCAP.LI,Portugal,PRT,..,..,..,..,..,..,..,..,..,..,..,..,..,..,..,..,..,..,..,..,..,..,..,..,..,..,..,..,..,..,..,..,..,..,..,..,..,..,..,..,12.77447,..,..,..,..,12.17916,..,..,..,..,11.40099,..,..,..,..,10.53851,..,..,..,10.44538,..,..
Total alcohol consumption per capita (liters of pure alcohol, projected estimates, 15+ years of age),SH.ALC.PCAP.LI,Puerto Rico,PRI,..,..,..,..,..,..,..,..,..,..,..,..,..,..,..,..,..,..,..,..,..,..,..,..,..,..,..,..,..,..,..,..,..,..,..,..,..,..,..,..,..,..,..,..,..,..,..,..,..,..,..,..,..,..,..,..,..,..,..,..,..,..
Total alcohol consumption per capita (liters of pure alcohol, projected estimates, 15+ years of age),SH.ALC.PCAP.LI,Qatar,QAT,..,..,..,..,..,..,..,..,..,..,..,..,..,..,..,..,..,..,..,..,..,..,..,..,..,..,..,..,..,..,..,..,..,..,..,..,..,..,..,..,0.94173,..,..,..,..,1.30372,..,..,..,..,1.17065,..,..,..,..,1.16877,..,..,..,1.14628,..,..
Total alcohol consumption per capita (liters of pure alcohol, projected estimates, 15+ years of age),SH.ALC.PCAP.LI,Romania,ROU,..,..,..,..,..,..,..,..,..,..,..,..,..,..,..,..,..,..,..,..,..,..,..,..,..,..,..,..,..,..,..,..,..,..,..,..,..,..,..,..,19.04727,..,..,..,..,18.31993,..,..,..,..,17.61868,..,..,..,..,16.85203,..,..,..,16.98964,..,..
Total alcohol consumption per capita (liters of pure alcohol, projected estimates, 15+ years of age),SH.ALC.PCAP.LI,Russian Federation,RUS,..,..,..,..,..,..,..,..,..,..,..,..,..,..,..,..,..,..,..,..,..,..,..,..,..,..,..,..,..,..,..,..,..,..,..,..,..,..,..,..,13.85576,..,..,..,..,14.50008,..,..,..,..,13.75669,..,..,..,..,11.63634,..,..,..,10.42279,..,..
Total alcohol consumption per capita (liters of pure alcohol, projected estimates, 15+ years of age),SH.ALC.PCAP.LI,Rwanda,RWA,..,..,..,..,..,..,..,..,..,..,..,..,..,..,..,..,..,..,..,..,..,..,..,..,..,..,..,..,..,..,..,..,..,..,..,..,..,..,..,..,1.42785,..,..,..,..,1.3965,..,..,..,..,1.24794,..,..,..,..,1.37332,..,..,..,1.87832,..,..
Total alcohol consumption per capita (liters of pure alcohol, projected estimates, 15+ years of age),SH.ALC.PCAP.LI,Samoa,WSM,..,..,..,..,..,..,..,..,..,..,..,..,..,..,..,..,..,..,..,..,..,..,..,..,..,..,..,..,..,..,..,..,..,..,..,..,..,..,..,..,4.04168,..,..,..,..,3.88371,..,..,..,..,2.59398,..,..,..,..,2.18089,..,..,..,2.39054,..,..
Total alcohol consumption per capita (liters of pure alcohol, projected estimates, 15+ years of age),SH.ALC.PCAP.LI,San Marino,SMR,..,..,..,..,..,..,..,..,..,..,..,..,..,..,..,..,..,..,..,..,..,..,..,..,..,..,..,..,..,..,..,..,..,..,..,..,..,..,..,..,..,..,..,..,..,..,..,..,..,..,..,..,..,..,..,..,..,..,..,..,..,..
Total alcohol consumption per capita (liters of pure alcohol, projected estimates, 15+ years of age),SH.ALC.PCAP.LI,Sao Tome and Principe,STP,..,..,..,..,..,..,..,..,..,..,..,..,..,..,..,..,..,..,..,..,..,..,..,..,..,..,..,..,..,..,..,..,..,..,..,..,..,..,..,..,6.73692,..,..,..,..,7.25627,..,..,..,..,5.91618,..,..,..,..,5.92774,..,..,..,5.00744,..,..
Total alcohol consumption per capita (liters of pure alcohol, projected estimates, 15+ years of age),SH.ALC.PCAP.LI,Saudi Arabia,SAU,..,..,..,..,..,..,..,..,..,..,..,..,..,..,..,..,..,..,..,..,..,..,..,..,..,..,..,..,..,..,..,..,..,..,..,..,..,..,..,..,0,..,..,..,..,0,..,..,..,..,0,..,..,..,..,0,..,..,..,0,..,..
Total alcohol consumption per capita (liters of pure alcohol, projected estimates, 15+ years of age),SH.ALC.PCAP.LI,Senegal,SEN,..,..,..,..,..,..,..,..,..,..,..,..,..,..,..,..,..,..,..,..,..,..,..,..,..,..,..,..,..,..,..,..,..,..,..,..,..,..,..,..,0.47277,..,..,..,..,0.47006,..,..,..,..,0.41237,..,..,..,..,0.37351,..,..,..,0.40913,..,..
Total alcohol consumption per capita (liters of pure alcohol, projected estimates, 15+ years of age),SH.ALC.PCAP.LI,Serbia,SRB,..,..,..,..,..,..,..,..,..,..,..,..,..,..,..,..,..,..,..,..,..,..,..,..,..,..,..,..,..,..,..,..,..,..,..,..,..,..,..,..,..,..,..,..,..,..,..,..,..,..,9.93455,..,..,..,..,7.84315,..,..,..,7.88971,..,..
Total alcohol consumption per capita (liters of pure alcohol, projected estimates, 15+ years of age),SH.ALC.PCAP.LI,Seychelles,SYC,..,..,..,..,..,..,..,..,..,..,..,..,..,..,..,..,..,..,..,..,..,..,..,..,..,..,..,..,..,..,..,..,..,..,..,..,..,..,..,..,7.41475,..,..,..,..,8.08049,..,..,..,..,7.76804,..,..,..,..,12.03243,..,..,..,11.98621,..,..
Total alcohol consumption per capita (liters of pure alcohol, projected estimates, 15+ years of age),SH.ALC.PCAP.LI,Sierra Leone,SLE,..,..,..,..,..,..,..,..,..,..,..,..,..,..,..,..,..,..,..,..,..,..,..,..,..,..,..,..,..,..,..,..,..,..,..,..,..,..,..,..,0.22448,..,..,..,..,0.22447,..,..,..,..,0.31206,..,..,..,..,0.30534,..,..,..,0.26448,..,..
Total alcohol consumption per capita (liters of pure alcohol, projected estimates, 15+ years of age),SH.ALC.PCAP.LI,Singapore,SGP,..,..,..,..,..,..,..,..,..,..,..,..,..,..,..,..,..,..,..,..,..,..,..,..,..,..,..,..,..,..,..,..,..,..,..,..,..,..,..,..,2.27639,..,..,..,..,1.61736,..,..,..,..,1.92265,..,..,..,..,1.91192,..,..,..,1.87287,..,..
Total alcohol consumption per capita (liters of pure alcohol, projected estimates, 15+ years of age),SH.ALC.PCAP.LI,Sint Maarten (Dutch part),SXM,..,..,..,..,..,..,..,..,..,..,..,..,..,..,..,..,..,..,..,..,..,..,..,..,..,..,..,..,..,..,..,..,..,..,..,..,..,..,..,..,..,..,..,..,..,..,..,..,..,..,..,..,..,..,..,..,..,..,..,..,..,..
Total alcohol consumption per capita (liters of pure alcohol, projected estimates, 15+ years of age),SH.ALC.PCAP.LI,Slovak Republic,SVK,..,..,..,..,..,..,..,..,..,..,..,..,..,..,..,..,..,..,..,..,..,..,..,..,..,..,..,..,..,..,..,..,..,..,..,..,..,..,..,..,11.09334,..,..,..,..,10.61838,..,..,..,..,10.54253,..,..,..,..,10.31864,..,..,..,10.47519,..,..
Total alcohol consumption per capita (liters of pure alcohol, projected estimates, 15+ years of age),SH.ALC.PCAP.LI,Slovenia,SVN,..,..,..,..,..,..,..,..,..,..,..,..,..,..,..,..,..,..,..,..,..,..,..,..,..,..,..,..,..,..,..,..,..,..,..,..,..,..,..,..,12.09817,..,..,..,..,11.8105,..,..,..,..,11.14347,..,..,..,..,11.57815,..,..,..,10.97589,..,..
Total alcohol consumption per capita (liters of pure alcohol, projected estimates, 15+ years of age),SH.ALC.PCAP.LI,Solomon Islands,SLB,..,..,..,..,..,..,..,..,..,..,..,..,..,..,..,..,..,..,..,..,..,..,..,..,..,..,..,..,..,..,..,..,..,..,..,..,..,..,..,..,0.75746,..,..,..,..,1.04491,..,..,..,..,1.11571,..,..,..,..,1.0704,..,..,..,1.61601,..,..
Total alcohol consumption per capita (liters of pure alcohol, projected estimates, 15+ years of age),SH.ALC.PCAP.LI,Somalia,SOM,..,..,..,..,..,..,..,..,..,..,..,..,..,..,..,..,..,..,..,..,..,..,..,..,..,..,..,..,..,..,..,..,..,..,..,..,..,..,..,..,0,..,..,..,..,0,..,..,..,..,0,..,..,..,..,0,..,..,..,0,..,..
Total alcohol consumption per capita (liters of pure alcohol, projected estimates, 15+ years of age),SH.ALC.PCAP.LI,South Africa,ZAF,..,..,..,..,..,..,..,..,..,..,..,..,..,..,..,..,..,..,..,..,..,..,..,..,..,..,..,..,..,..,..,..,..,..,..,..,..,..,..,..,8.96411,..,..,..,..,8.74658,..,..,..,..,8.67807,..,..,..,..,8.88007,..,..,..,8.76621,..,..
Total alcohol consumption per capita (liters of pure alcohol, projected estimates, 15+ years of age),SH.ALC.PCAP.LI,South Sudan,SSD,..,..,..,..,..,..,..,..,..,..,..,..,..,..,..,..,..,..,..,..,..,..,..,..,..,..,..,..,..,..,..,..,..,..,..,..,..,..,..,..,..,..,..,..,..,..,..,..,..,..,..,..,..,..,..,..,..,..,..,..,..,..
Total alcohol consumption per capita (liters of pure alcohol, projected estimates, 15+ years of age),SH.ALC.PCAP.LI,Spain,ESP,..,..,..,..,..,..,..,..,..,..,..,..,..,..,..,..,..,..,..,..,..,..,..,..,..,..,..,..,..,..,..,..,..,..,..,..,..,..,..,..,11.66679,..,..,..,..,11.95362,..,..,..,..,9.48963,..,..,..,..,9.94182,..,..,..,10.91336,..,..
Total alcohol consumption per capita (liters of pure alcohol, projected estimates, 15+ years of age),SH.ALC.PCAP.LI,Sri Lanka,LKA,..,..,..,..,..,..,..,..,..,..,..,..,..,..,..,..,..,..,..,..,..,..,..,..,..,..,..,..,..,..,..,..,..,..,..,..,..,..,..,..,1.87767,..,..,..,..,2.0569,..,..,..,..,2.60332,..,..,..,..,2.86093,..,..,..,2.82954,..,..
Total alcohol consumption per capita (liters of pure alcohol, projected estimates, 15+ years of age),SH.ALC.PCAP.LI,St. Kitts and Nevis,KNA,..,..,..,..,..,..,..,..,..,..,..,..,..,..,..,..,..,..,..,..,..,..,..,..,..,..,..,..,..,..,..,..,..,..,..,..,..,..,..,..,6.45746,..,..,..,..,7.78943,..,..,..,..,6.46794,..,..,..,..,6.11651,..,..,..,6.34118,..,..
Total alcohol consumption per capita (liters of pure alcohol, projected estimates, 15+ years of age),SH.ALC.PCAP.LI,St. Lucia,LCA,..,..,..,..,..,..,..,..,..,..,..,..,..,..,..,..,..,..,..,..,..,..,..,..,..,..,..,..,..,..,..,..,..,..,..,..,..,..,..,..,10.34978,..,..,..,..,11.53567,..,..,..,..,9.59824,..,..,..,..,8.63178,..,..,..,9.47123,..,..
Total alcohol consumption per capita (liters of pure alcohol, projected estimates, 15+ years of age),SH.ALC.PCAP.LI,St. Martin (French part),MAF,..,..,..,..,..,..,..,..,..,..,..,..,..,..,..,..,..,..,..,..,..,..,..,..,..,..,..,..,..,..,..,..,..,..,..,..,..,..,..,..,..,..,..,..,..,..,..,..,..,..,..,..,..,..,..,..,..,..,..,..,..,..
Total alcohol consumption per capita (liters of pure alcohol, projected estimates, 15+ years of age),SH.ALC.PCAP.LI,St. Vincent and the Grenadines,VCT,..,..,..,..,..,..,..,..,..,..,..,..,..,..,..,..,..,..,..,..,..,..,..,..,..,..,..,..,..,..,..,..,..,..,..,..,..,..,..,..,4.5908,..,..,..,..,5.39126,..,..,..,..,6.65703,..,..,..,..,7.00715,..,..,..,7.15801,..,..
Total alcohol consumption per capita (liters of pure alcohol, projected estimates, 15+ years of age),SH.ALC.PCAP.LI,Sudan,SDN,..,..,..,..,..,..,..,..,..,..,..,..,..,..,..,..,..,..,..,..,..,..,..,..,..,..,..,..,..,..,..,..,..,..,..,..,..,..,..,..,0,..,..,..,..,0,..,..,..,..,0.04509,..,..,..,..,0.18558,..,..,..,0.00506,..,..
Total alcohol consumption per capita (liters of pure alcohol, projected estimates, 15+ years of age),SH.ALC.PCAP.LI,Suriname,SUR,..,..,..,..,..,..,..,..,..,..,..,..,..,..,..,..,..,..,..,..,..,..,..,..,..,..,..,..,..,..,..,..,..,..,..,..,..,..,..,..,4.73893,..,..,..,..,4.96837,..,..,..,..,5.70046,..,..,..,..,5.67636,..,..,..,6.63315,..,..
Total alcohol consumption per capita (liters of pure alcohol, projected estimates, 15+ years of age),SH.ALC.PCAP.LI,Sweden,SWE,..,..,..,..,..,..,..,..,..,..,..,..,..,..,..,..,..,..,..,..,..,..,..,..,..,..,..,..,..,..,..,..,..,..,..,..,..,..,..,..,9.3746,..,..,..,..,9.31084,..,..,..,..,9.78872,..,..,..,..,9.4453,..,..,..,9.29617,..,..
Total alcohol consumption per capita (liters of pure alcohol, projected estimates, 15+ years of age),SH.ALC.PCAP.LI,Switzerland,CHE,..,..,..,..,..,..,..,..,..,..,..,..,..,..,..,..,..,..,..,..,..,..,..,..,..,..,..,..,..,..,..,..,..,..,..,..,..,..,..,..,12.48461,..,..,..,..,11.66147,..,..,..,..,11.31707,..,..,..,..,10.69437,..,..,..,10.39688,..,..
Total alcohol consumption per capita (liters of pure alcohol, projected estimates, 15+ years of age),SH.ALC.PCAP.LI,Syrian Arab Republic,SYR,..,..,..,..,..,..,..,..,..,..,..,..,..,..,..,..,..,..,..,..,..,..,..,..,..,..,..,..,..,..,..,..,..,..,..,..,..,..,..,..,1.2907,..,..,..,..,1.10844,..,..,..,..,0.99178,..,..,..,..,0.29004,..,..,..,0.19829,..,..
Total alcohol consumption per capita (liters of pure alcohol, projected estimates, 15+ years of age),SH.ALC.PCAP.LI,Tajikistan,TJK,..,..,..,..,..,..,..,..,..,..,..,..,..,..,..,..,..,..,..,..,..,..,..,..,..,..,..,..,..,..,..,..,..,..,..,..,..,..,..,..,0.90118,..,..,..,..,0.76232,..,..,..,..,0.69156,..,..,..,..,0.88627,..,..,..,0.86628,..,..
Total alcohol consumption per capita (liters of pure alcohol, projected estimates, 15+ years of age),SH.ALC.PCAP.LI,Tanzania,TZA,..,..,..,..,..,..,..,..,..,..,..,..,..,..,..,..,..,..,..,..,..,..,..,..,..,..,..,..,..,..,..,..,..,..,..,..,..,..,..,..,11.43022,..,..,..,..,11.5285,..,..,..,..,11.92389,..,..,..,..,11.64543,..,..,..,10.35652,..,..
Total alcohol consumption per capita (liters of pure alcohol, projected estimates, 15+ years of age),SH.ALC.PCAP.LI,Thailand,THA,..,..,..,..,..,..,..,..,..,..,..,..,..,..,..,..,..,..,..,..,..,..,..,..,..,..,..,..,..,..,..,..,..,..,..,..,..,..,..,..,8.61376,..,..,..,..,9.35967,..,..,..,..,7.56742,..,..,..,..,8.16237,..,..,..,7.84894,..,..
Total alcohol consumption per capita (liters of pure alcohol, projected estimates, 15+ years of age),SH.ALC.PCAP.LI,Timor-Leste,TLS,..,..,..,..,..,..,..,..,..,..,..,..,..,..,..,..,..,..,..,..,..,..,..,..,..,..,..,..,..,..,..,..,..,..,..,..,..,..,..,..,0.54794,..,..,..,..,0.3132,..,..,..,..,0.29577,..,..,..,..,0.47328,..,..,..,0.40188,..,..
Total alcohol consumption per capita (liters of pure alcohol, projected estimates, 15+ years of age),SH.ALC.PCAP.LI,Togo,TGO,..,..,..,..,..,..,..,..,..,..,..,..,..,..,..,..,..,..,..,..,..,..,..,..,..,..,..,..,..,..,..,..,..,..,..,..,..,..,..,..,1.49688,..,..,..,..,1.69345,..,..,..,..,1.79366,..,..,..,..,1.72385,..,..,..,1.42014,..,..
Total alcohol consumption per capita (liters of pure alcohol, projected estimates, 15+ years of age),SH.ALC.PCAP.LI,Tonga,TON,..,..,..,..,..,..,..,..,..,..,..,..,..,..,..,..,..,..,..,..,..,..,..,..,..,..,..,..,..,..,..,..,..,..,..,..,..,..,..,..,1.46143,..,..,..,..,1.64124,..,..,..,..,1.18253,..,..,..,..,0.36311,..,..,..,0.37713,..,..
Total alcohol consumption per capita (liters of pure alcohol, projected estimates, 15+ years of age),SH.ALC.PCAP.LI,Trinidad and Tobago,TTO,..,..,..,..,..,..,..,..,..,..,..,..,..,..,..,..,..,..,..,..,..,..,..,..,..,..,..,..,..,..,..,..,..,..,..,..,..,..,..,..,5.011,..,..,..,..,5.99176,..,..,..,..,6.15249,..,..,..,..,6.23252,..,..,..,6.06472,..,..
Total alcohol consumption per capita (liters of pure alcohol, projected estimates, 15+ years of age),SH.ALC.PCAP.LI,Tunisia,TUN,..,..,..,..,..,..,..,..,..,..,..,..,..,..,..,..,..,..,..,..,..,..,..,..,..,..,..,..,..,..,..,..,..,..,..,..,..,..,..,..,1.6287,..,..,..,..,1.70784,..,..,..,..,1.66206,..,..,..,..,2.02867,..,..,..,2.01463,..,..
Total alcohol consumption per capita (liters of pure alcohol, projected estimates, 15+ years of age),SH.ALC.PCAP.LI,Turkiye,TUR,..,..,..,..,..,..,..,..,..,..,..,..,..,..,..,..,..,..,..,..,..,..,..,..,..,..,..,..,..,..,..,..,..,..,..,..,..,..,..,..,2.46224,..,..,..,..,2.0562,..,..,..,..,2.12205,..,..,..,..,1.89513,..,..,..,1.82036,..,..
Total alcohol consumption per capita (liters of pure alcohol, projected estimates, 15+ years of age),SH.ALC.PCAP.LI,Turkmenistan,TKM,..,..,..,..,..,..,..,..,..,..,..,..,..,..,..,..,..,..,..,..,..,..,..,..,..,..,..,..,..,..,..,..,..,..,..,..,..,..,..,..,2.63152,..,..,..,..,2.65514,..,..,..,..,2.66016,..,..,..,..,3.20481,..,..,..,2.92752,..,..
Total alcohol consumption per capita (liters of pure alcohol, projected estimates, 15+ years of age),SH.ALC.PCAP.LI,Turks and Caicos Islands,TCA,..,..,..,..,..,..,..,..,..,..,..,..,..,..,..,..,..,..,..,..,..,..,..,..,..,..,..,..,..,..,..,..,..,..,..,..,..,..,..,..,..,..,..,..,..,..,..,..,..,..,..,..,..,..,..,..,..,..,..,..,..,..
Total alcohol consumption per capita (liters of pure alcohol, projected estimates, 15+ years of age),SH.ALC.PCAP.LI,Tuvalu,TUV,..,..,..,..,..,..,..,..,..,..,..,..,..,..,..,..,..,..,..,..,..,..,..,..,..,..,..,..,..,..,..,..,..,..,..,..,..,..,..,..,1.75872,..,..,..,..,1.80488,..,..,..,..,1.59136,..,..,..,..,1.86243,..,..,..,1.24819,..,..
Total alcohol consumption per capita (liters of pure alcohol, projected estimates, 15+ years of age),SH.ALC.PCAP.LI,Uganda,UGA,..,..,..,..,..,..,..,..,..,..,..,..,..,..,..,..,..,..,..,..,..,..,..,..,..,..,..,..,..,..,..,..,..,..,..,..,..,..,..,..,17.78958,..,..,..,..,17.15943,..,..,..,..,13.99821,..,..,..,..,13.28192,..,..,..,12.2144,..,..
Total alcohol consumption per capita (liters of pure alcohol, projected estimates, 15+ years of age),SH.ALC.PCAP.LI,Ukraine,UKR,..,..,..,..,..,..,..,..,..,..,..,..,..,..,..,..,..,..,..,..,..,..,..,..,..,..,..,..,..,..,..,..,..,..,..,..,..,..,..,..,10.5825,..,..,..,..,10.27644,..,..,..,..,11.65607,..,..,..,..,9.72957,..,..,..,8.69842,..,..
Total alcohol consumption per capita (liters of pure alcohol, projected estimates, 15+ years of age),SH.ALC.PCAP.LI,United Arab Emirates,ARE,..,..,..,..,..,..,..,..,..,..,..,..,..,..,..,..,..,..,..,..,..,..,..,..,..,..,..,..,..,..,..,..,..,..,..,..,..,..,..,..,1.75983,..,..,..,..,1.76984,..,..,..,..,1.95895,..,..,..,..,2.36656,..,..,..,2.36873,..,..
Total alcohol consumption per capita (liters of pure alcohol, projected estimates, 15+ years of age),SH.ALC.PCAP.LI,United Kingdom,GBR,..,..,..,..,..,..,..,..,..,..,..,..,..,..,..,..,..,..,..,..,..,..,..,..,..,..,..,..,..,..,..,..,..,..,..,..,..,..,..,..,12.27756,..,..,..,..,12.37859,..,..,..,..,10.95399,..,..,..,..,10.51561,..,..,..,10.8168,..,..
Total alcohol consumption per capita (liters of pure alcohol, projected estimates, 15+ years of age),SH.ALC.PCAP.LI,United States,USA,..,..,..,..,..,..,..,..,..,..,..,..,..,..,..,..,..,..,..,..,..,..,..,..,..,..,..,..,..,..,..,..,..,..,..,..,..,..,..,..,9.05296,..,..,..,..,9.29658,..,..,..,..,9.34309,..,..,..,..,9.48589,..,..,..,9.56731,..,..
Total alcohol consumption per capita (liters of pure alcohol, projected estimates, 15+ years of age),SH.ALC.PCAP.LI,Uruguay,URY,..,..,..,..,..,..,..,..,..,..,..,..,..,..,..,..,..,..,..,..,..,..,..,..,..,..,..,..,..,..,..,..,..,..,..,..,..,..,..,..,6.97211,..,..,..,..,6.39501,..,..,..,..,6.31048,..,..,..,..,6.02212,..,..,..,5.45265,..,..
Total alcohol consumption per capita (liters of pure alcohol, projected estimates, 15+ years of age),SH.ALC.PCAP.LI,Uzbekistan,UZB,..,..,..,..,..,..,..,..,..,..,..,..,..,..,..,..,..,..,..,..,..,..,..,..,..,..,..,..,..,..,..,..,..,..,..,..,..,..,..,..,3.53753,..,..,..,..,4.33527,..,..,..,..,1.78629,..,..,..,..,2.54709,..,..,..,2.60223,..,..
Total alcohol consumption per capita (liters of pure alcohol, projected estimates, 15+ years of age),SH.ALC.PCAP.LI,Vanuatu,VUT,..,..,..,..,..,..,..,..,..,..,..,..,..,..,..,..,..,..,..,..,..,..,..,..,..,..,..,..,..,..,..,..,..,..,..,..,..,..,..,..,1.26851,..,..,..,..,1.17162,..,..,..,..,1.66663,..,..,..,..,1.68768,..,..,..,1.87288,..,..
"Total alcohol consumption per capita (liters of pure alcohol, projected estimates, 15+ years of age),SH.ALC.PCAP.LI,""Venezuela, RB"",VEN,..,..,..,..,..,..,..,..,..,..,..,..,..,..,..,..,..,..,..,..,..,..,..,..,..,..,..,..,..,..,..,..,..,..,..,..,..,..,..,..,8.17039,..,..,..,..,8.43051,..,..,..,..,7.74988,..,..,..,..,6.05004,..,..,..,3.01625,..,.."
Total alcohol consumption per capita (liters of pure alcohol, projected estimates, 15+ years of age),SH.ALC.PCAP.LI,Viet Nam,VNM,..,..,..,..,..,..,..,..,..,..,..,..,..,..,..,..,..,..,..,..,..,..,..,..,..,..,..,..,..,..,..,..,..,..,..,..,..,..,..,..,3.28119,..,..,..,..,4.80995,..,..,..,..,7.36591,..,..,..,..,8.85372,..,..,..,9.33984,..,..
Total alcohol consumption per capita (liters of pure alcohol, projected estimates, 15+ years of age),SH.ALC.PCAP.LI,Virgin Islands (U.S.),VIR,..,..,..,..,..,..,..,..,..,..,..,..,..,..,..,..,..,..,..,..,..,..,..,..,..,..,..,..,..,..,..,..,..,..,..,..,..,..,..,..,..,..,..,..,..,..,..,..,..,..,..,..,..,..,..,..,..,..,..,..,..,..
Total alcohol consumption per capita (liters of pure alcohol, projected estimates, 15+ years of age),SH.ALC.PCAP.LI,West Bank and Gaza,PSE,..,..,..,..,..,..,..,..,..,..,..,..,..,..,..,..,..,..,..,..,..,..,..,..,..,..,..,..,..,..,..,..,..,..,..,..,..,..,..,..,..,..,..,..,..,..,..,..,..,..,..,..,..,..,..,..,..,..,..,..,..,..
"Total alcohol consumption per capita (liters of pure alcohol, projected estimates, 15+ years of age),SH.ALC.PCAP.LI,""Yemen, Rep."",YEM,..,..,..,..,..,..,..,..,..,..,..,..,..,..,..,..,..,..,..,..,..,..,..,..,..,..,..,..,..,..,..,..,..,..,..,..,..,..,..,..,0.12236,..,..,..,..,0.07173,..,..,..,..,0.05843,..,..,..,..,0.04023,..,..,..,0.02778,..,.."
Total alcohol consumption per capita (liters of pure alcohol, projected estimates, 15+ years of age),SH.ALC.PCAP.LI,Zambia,ZMB,..,..,..,..,..,..,..,..,..,..,..,..,..,..,..,..,..,..,..,..,..,..,..,..,..,..,..,..,..,..,..,..,..,..,..,..,..,..,..,..,3.5577,..,..,..,..,3.3306,..,..,..,..,3.30821,..,..,..,..,3.72765,..,..,..,3.85176,..,..
Total alcohol consumption per capita (liters of pure alcohol, projected estimates, 15+ years of age),SH.ALC.PCAP.LI,Zimbabwe,ZWE,..,..,..,..,..,..,..,..,..,..,..,..,..,..,..,..,..,..,..,..,..,..,..,..,..,..,..,..,..,..,..,..,..,..,..,..,..,..,..,..,3.0261,..,..,..,..,2.74545,..,..,..,..,3.31307,..,..,..,..,3.74794,..,..,..,3.62809,..,..
